{
"type": "FeatureCollection",
"name": "combined_features",
"crs": { "type": "name", "properties": { "name": "urn:ogc:def:crs:OGC:1.3:CRS84" } },
"features": [
{ "type": "Feature", "properties": { "ID": 0.0, "Name": "Maun-Mababe", "Distance": null, "Type": "road" }, "geometry": { "type": "MultiLineString", "coordinates": [ [ [ 23.438894380310096, -19.993301257349547 ], [ 23.439948643348604, -19.99285289230739 ], [ 23.44092413786257, -19.991903455785234 ], [ 23.442634214452106, -19.991505488278523 ], [ 23.444405459700668, -19.990794663228279 ], [ 23.446832764371752, -19.989825163451517 ], [ 23.447875154574778, -19.988937169604228 ], [ 23.447657891955405, -19.987692176153974 ], [ 23.446449792878933, -19.986398463133902 ], [ 23.449123619918321, -19.984302341392201 ], [ 23.449708852256492, -19.983732655581111 ], [ 23.451705316290475, -19.980522670205861 ], [ 23.456064686845046, -19.976468753336952 ], [ 23.462596126088247, -19.971199010200639 ], [ 23.46416656848859, -19.970328564577986 ], [ 23.465893023321154, -19.969306178415568 ], [ 23.46931328814026, -19.968559718427542 ], [ 23.470986121905995, -19.967488115565359 ], [ 23.474441183374779, -19.965592937402221 ], [ 23.480881453589546, -19.962158403594842 ], [ 23.484489142686982, -19.959911483006675 ], [ 23.489707906755797, -19.956044499301225 ], [ 23.492859358081805, -19.951657330813482 ], [ 23.496272965530203, -19.947166596897404 ], [ 23.497476658517527, -19.946500723171411 ], [ 23.499643703010555, -19.946669893292533 ], [ 23.500962540145938, -19.946291618031413 ], [ 23.503207446964801, -19.944666026289838 ], [ 23.505092406461213, -19.943273347528464 ], [ 23.507207557451984, -19.941822756336808 ], [ 23.507890465878781, -19.941157389090002 ], [ 23.509424396698655, -19.939496410733671 ], [ 23.510781530196752, -19.937619348661663 ], [ 23.511341089089377, -19.93646392422999 ], [ 23.512125670344869, -19.934922811908315 ], [ 23.512790378721093, -19.933110175976676 ], [ 23.51327226314984, -19.930699049236793 ], [ 23.513665451969736, -19.928617036319686 ], [ 23.514095602342241, -19.926589143502547 ], [ 23.514644732854443, -19.924778140172691 ], [ 23.515374065425675, -19.92340173169864 ], [ 23.516050810456591, -19.922353927492331 ], [ 23.516903435053855, -19.921467557733703 ], [ 23.518212102205627, -19.920192221263498 ], [ 23.51963887179118, -19.919079132447166 ], [ 23.522084547426399, -19.9166401394844 ], [ 23.524301705460477, -19.914368294648369 ], [ 23.528223816119645, -19.910323610777308 ], [ 23.530888091488261, -19.907116411006417 ], [ 23.533996046317476, -19.902755357887564 ], [ 23.536889835160874, -19.899012051065814 ], [ 23.538286210712329, -19.89746213121655 ], [ 23.539468674822984, -19.896264969813974 ], [ 23.540702903257294, -19.895416777205135 ], [ 23.54207572679169, -19.894566594788127 ], [ 23.543225204498956, -19.894200452666617 ], [ 23.544194758190883, -19.894142875244551 ], [ 23.54520422091565, -19.893691294237648 ], [ 23.546724697432765, -19.893407249546669 ], [ 23.547921754424387, -19.893127824966736 ], [ 23.549207710750018, -19.892628549660728 ], [ 23.55017724684636, -19.892570940904193 ], [ 23.552152007694929, -19.891799485814374 ], [ 23.552978727065639, -19.891481628004048 ], [ 23.555501555819909, -19.890308849321539 ], [ 23.557835329666645, -19.88887647473133 ], [ 23.561654533500725, -19.8860675731427 ], [ 23.565672197226032, -19.883037172463133 ], [ 23.569368437201046, -19.880142474515022 ], [ 23.573200305511016, -19.877070898954972 ], [ 23.576110234403284, -19.87414373606855 ], [ 23.577791185341898, -19.872370874977904 ], [ 23.58010614638582, -19.870162612131693 ], [ 23.583146613758053, -19.866752621224833 ], [ 23.589574691372594, -19.858572368915329 ], [ 23.593785822910014, -19.853309273357439 ], [ 23.597274050950716, -19.849062033985362 ], [ 23.599480754441412, -19.846625657974997 ], [ 23.602295863587955, -19.84361211704444 ], [ 23.605068963704795, -19.840861429185068 ], [ 23.608252625572881, -19.837798715176493 ], [ 23.611887984855507, -19.834117364419402 ], [ 23.614932836443185, -19.831056586050376 ], [ 23.61687926129283, -19.828623857621999 ], [ 23.620090717825896, -19.824467758299605 ], [ 23.624850719299637, -19.816879292677648 ], [ 23.62799905460772, -19.811718639433607 ], [ 23.629486909191556, -19.809511123260339 ], [ 23.631929278892887, -19.806371575242633 ], [ 23.634468939667574, -19.803536551633833 ], [ 23.640416959757626, -19.79630180942722 ], [ 23.643262903757357, -19.792456790018786 ], [ 23.644612603729797, -19.790294938058175 ], [ 23.646144051911723, -19.787955539799018 ], [ 23.647074560650925, -19.785581324345454 ], [ 23.649195253052664, -19.782577503314172 ], [ 23.651457983287472, -19.779790115673826 ], [ 23.653415381863681, -19.777739408382512 ] ], [ [ 23.653357675848287, -19.777740265003715 ], [ 23.6566593174955, -19.774959257573908 ], [ 23.660938174559909, -19.771945102690314 ], [ 23.663505771395485, -19.770158418451857 ], [ 23.667447245322617, -19.76769554638415 ], [ 23.670356351601257, -19.765630488461579 ], [ 23.6718951493174, -19.764460088320501 ], [ 23.672990319451117, -19.763077753696333 ], [ 23.673614388220578, -19.761565857000377 ], [ 23.674591089744297, -19.759570597803279 ], [ 23.675573466220463, -19.757916744312869 ], [ 23.676913011634515, -19.756052647373096 ], [ 23.677902642510674, -19.754835785509194 ], [ 23.679881859684098, -19.752402051071048 ], [ 23.683616654314385, -19.747974993328945 ], [ 23.684406088970764, -19.746870383761738 ] ], [ [ 23.684698609664178, -19.746657324917145 ], [ 23.688095148406262, -19.742671415046146 ], [ 23.692471204114835, -19.737905605566272 ], [ 23.694058303202734, -19.736176600694229 ], [ 23.695051132806384, -19.73480630000763 ], [ 23.695915002836333, -19.734006313240862 ], [ 23.697013341447732, -19.733421399292318 ], [ 23.698483167183699, -19.732962045119248 ], [ 23.699630589303307, -19.732551261181623 ], [ 23.701003663721348, -19.731831020348704 ], [ 23.702178107547752, -19.730283065455009 ], [ 23.703436021115653, -19.72820919122719 ], [ 23.706248169262182, -19.723499507438575 ], [ 23.707819513403937, -19.72085250565614 ], [ 23.708939557369924, -19.718824410288391 ], [ 23.710061047798312, -19.716883731965858 ], [ 23.710780382725705, -19.715736107347123 ], [ 23.711777377636206, -19.714628001295441 ], [ 23.713002923455839, -19.713385270207898 ], [ 23.714272390989663, -19.712010703535569 ], [ 23.715401897883503, -19.71055080891708 ], [ 23.716888798779035, -19.708385960828434 ], [ 23.718812066355426, -19.704727981708061 ], [ 23.720353566410996, -19.702726237769703 ], [ 23.721892404997224, -19.700910338117517 ], [ 23.722668100325567, -19.700373915312284 ], [ 23.724136053301962, -19.699826974115034 ], [ 23.726934217970729, -19.698778876190794 ], [ 23.732441832872524, -19.696902510993592 ], [ 23.734641419669234, -19.695950861545999 ], [ 23.73734787475928, -19.694947731816189 ], [ 23.7395805496508, -19.693760390058483 ], [ 23.741272088151856, -19.692445436353971 ], [ 23.742603100030841, -19.690682405224248 ], [ 23.745139866945806, -19.687205983972387 ], [ 23.747409045047611, -19.684485611809979 ], [ 23.749108726338623, -19.682549795047834 ], [ 23.751514404341073, -19.67952888933063 ], [ 23.752436309311772, -19.678171938868324 ], [ 23.756881647457789, -19.672620564613769 ], [ 23.761596853013057, -19.666520377039053 ], [ 23.76430880578803, -19.663017193051189 ], [ 23.766312228448943, -19.660449936524468 ], [ 23.773111084951278, -19.651691500051495 ], [ 23.774845129142918, -19.649501331958035 ], [ 23.782718989123552, -19.639495130928683 ], [ 23.7862413904998, -19.63508583060084 ], [ 23.790426323469809, -19.629858664863914 ], [ 23.793519779397645, -19.625898345650967 ], [ 23.796740208430933, -19.621730095385573 ], [ 23.799749689283793, -19.618064261691231 ], [ 23.801033965702945, -19.616494750919806 ], [ 23.802772845099945, -19.615510925505291 ], [ 23.804103016977415, -19.6137430921254 ], [ 23.80585108061452, -19.610762397884663 ], [ 23.806565357249049, -19.608920956075572 ], [ 23.807200516997984, -19.607579921313548 ], [ 23.808180235762141, -19.605859130349465 ], [ 23.808906751636691, -19.604724655732532 ], [ 23.80936203325842, -19.602190484868398 ], [ 23.809941707234572, -19.600184744553925 ], [ 23.810400564205104, -19.598804857410975 ], [ 23.811647829677025, -19.597329466535154 ], [ 23.813452504588923, -19.595096606178579 ], [ 23.815047138055462, -19.593407783468642 ], [ 23.815731125052007, -19.592357152501492 ], [ 23.816106501065256, -19.591228146792531 ], [ 23.816397009577823, -19.590266858900733 ], [ 23.816909804163323, -19.589468485922584 ], [ 23.817380888630812, -19.588795558149169 ], [ 23.817467724720963, -19.587795856028425 ], [ 23.81772158363065, -19.587251117659754 ], [ 23.818009907143857, -19.586165069818421 ], [ 23.818345724415927, -19.585286266724733 ], [ 23.818721795011481, -19.584198846929453 ], [ 23.819188512659498, -19.583276399035604 ], [ 23.81969475711993, -19.58210374529272 ], [ 23.82059588267591, -19.580924912201517 ], [ 23.821847278378481, -19.579698995027258 ], [ 23.823274158286406, -19.578470323382781 ], [ 23.824441390520867, -19.577453696429412 ], [ 23.824958462970692, -19.576904828139504 ], [ 23.825269576324029, -19.576625408721785 ], [ 23.82526261054371, -19.576226181909664 ], [ 23.825463924248673, -19.575690578392258 ], [ 23.825521935685977, -19.574990832112878 ], [ 23.825617368487102, -19.574423610690932 ], [ 23.82567828059825, -19.573890207726798 ], [ 23.825808811400936, -19.573322437080165 ], [ 23.825874947646689, -19.57308845418795 ], [ 23.82621723307717, -19.572583918996354 ], [ 23.826384602287149, -19.572115403784991 ], [ 23.826482967517972, -19.571464941949724 ], [ 23.826822345458698, -19.570794063000779 ], [ 23.827094426942626, -19.570290627505329 ], [ 23.827681810604883, -19.569748970098978 ], [ 23.828441198620528, -19.569004945533269 ], [ 23.82954458971637, -19.567856186714558 ], [ 23.829855242081628, -19.567551811595354 ], [ 23.831000684667792, -19.566801720774663 ], [ 23.831868242321352, -19.566222375735915 ], [ 23.83256088917625, -19.565679052618542 ], [ 23.833216106966741, -19.565003203604309 ], [ 23.833522675744337, -19.564465942343531 ], [ 23.833868628610681, -19.56342057545745 ], [ 23.834136023222587, -19.562650984867524 ], [ 23.834651418402643, -19.562010606656699 ], [ 23.835479186325038, -19.561165652185206 ], [ 23.836412232246829, -19.560319038506957 ], [ 23.836894845033594, -19.559812283333411 ], [ 23.83751842115382, -19.559336588003251 ], [ 23.838073547720793, -19.558961800158198 ], [ 23.83852746327927, -19.558821547980916 ], [ 23.839048072130147, -19.558480577816681 ], [ 23.839838371864456, -19.557503085935554 ], [ 23.840794068788856, -19.556198530555569 ], [ 23.841614923136149, -19.554962648653042 ], [ 23.842061826852042, -19.554423168209844 ], [ 23.842194623944039, -19.553988466250622 ], [ 23.842291743460255, -19.553521050084736 ], [ 23.842529240502103, -19.553051421665227 ], [ 23.842698297686724, -19.552682704288884 ], [ 23.843210130535581, -19.551842699219353 ], [ 23.843447622962557, -19.55137307015541 ], [ 23.8435049784052, -19.550640057561306 ], [ 23.843491563468859, -19.549874883904231 ], [ 23.843177573109383, -19.547983003609577 ], [ 23.843236097038126, -19.547316528439879 ], [ 23.843402232503479, -19.546781469014928 ], [ 23.843847942459501, -19.546175448861149 ], [ 23.844641078425084, -19.545364288789841 ], [ 23.845894374943509, -19.54402174817405 ], [ 23.846828441107338, -19.543241636649984 ], [ 23.847513351857696, -19.542265785024551 ], [ 23.847814581163753, -19.54142909329828 ], [ 23.84822166742013, -19.540624010129932 ], [ 23.848422289751451, -19.540055126381283 ], [ 23.848928218439514, -19.538882429831432 ], [ 23.849580346036586, -19.538040200297132 ], [ 23.850162285980641, -19.537199077000128 ], [ 23.851198059773949, -19.536217678349132 ], [ 23.851439017771337, -19.535947653600868 ], [ 23.851750154422735, -19.535676519418221 ], [ 23.852162470678717, -19.535170845676866 ], [ 23.853163129181681, -19.534189992008681 ], [ 23.85440004363479, -19.532672960278163 ], [ 23.855021126256304, -19.532064149595893 ], [ 23.856090171076563, -19.530982370084018 ], [ 23.85777763344964, -19.529391642928992 ], [ 23.859018571244825, -19.528107465911479 ], [ 23.860436101302977, -19.52688704144893 ], [ 23.861093398876491, -19.526344194478643 ], [ 23.861810902200066, -19.525234679538311 ], [ 23.862420788441586, -19.523993758304268 ], [ 23.862825419406047, -19.523055582252301 ], [ 23.863438223878621, -19.52198099902234 ], [ 23.863943415374372, -19.520775011705304 ], [ 23.86454564543369, -19.519101602984307 ], [ 23.865050821338762, -19.51789561352081 ], [ 23.865143760448031, -19.517195317487289 ], [ 23.865447800691175, -19.516524952016468 ], [ 23.866345985303052, -19.513973320960361 ], [ 23.866720154775745, -19.512802683640199 ], [ 23.86743269474038, -19.510919539101533 ], [ 23.867891627281434, -19.509581171267914 ], [ 23.868642863640165, -19.507406234469769 ], [ 23.869315179251455, -19.505731706837306 ], [ 23.869817942353333, -19.504392640429984 ], [ 23.870240123544338, -19.503148445471993 ], [ 23.870705627122895, -19.502184337687758 ], [ 23.871380844291242, -19.500676145869058 ], [ 23.871500654246006, -19.500008700516695 ], [ 23.871443586873117, -19.499260870308461 ], [ 23.871122673366951, -19.49847563338016 ], [ 23.870093527745301, -19.497327265049343 ], [ 23.868173432168732, -19.495402683527484 ], [ 23.866740874192647, -19.493761527751069 ], [ 23.865620426441691, -19.492406590804094 ], [ 23.863563771674666, -19.490192933206842 ], [ 23.861684766209638, -19.488101226375967 ], [ 23.860432122732028, -19.486706741572576 ], [ 23.860073289321882, -19.486254848033219 ], [ 23.859753922844298, -19.485552749699426 ], [ 23.859427254937135, -19.484434796674112 ], [ 23.859191214358702, -19.483169822292833 ], [ 23.858864557259263, -19.482051865994226 ], [ 23.858583213669835, -19.481016388747051 ], [ 23.858344262670062, -19.479897046138124 ], [ 23.857973772930464, -19.47877977958602 ], [ 23.857734100690408, -19.477618849893105 ], [ 23.857539011094143, -19.476498813220775 ], [ 23.857349029890724, -19.475669872721429 ], [ 23.856787128717972, -19.473640489351208 ], [ 23.85646051593455, -19.472522524969055 ], [ 23.856224516642261, -19.471569516859962 ], [ 23.856383856347847, -19.470651869964048 ], [ 23.856672543202638, -19.469607392588873 ], [ 23.856874265848148, -19.468605882769207 ], [ 23.856978089595152, -19.467023561066686 ], [ 23.857134507287537, -19.465939572587121 ], [ 23.857457549287652, -19.464353791744724 ], [ 23.858211187298881, -19.462002073589925 ], [ 23.858839651938489, -19.4603282785862 ], [ 23.859474144670429, -19.458373608993888 ], [ 23.859849752265113, -19.457286161642244 ], [ 23.860097480881823, -19.456408716624956 ], [ 23.860468704664751, -19.455071755510474 ], [ 23.860971445379473, -19.45373271782374 ], [ 23.861687540789649, -19.452057535932678 ], [ 23.86231594689038, -19.450383737518649 ], [ 23.862771173074073, -19.448837464146123 ], [ 23.863227853473337, -19.447374360567697 ], [ 23.863806551253322, -19.445368570913228 ], [ 23.864046217745308, -19.44403368558056 ], [ 23.864283692515656, -19.442574044264202 ], [ 23.864763013328314, -19.439904273669345 ], [ 23.865136198240588, -19.437745741983143 ], [ 23.865379501775152, -19.436618783598231 ], [ 23.865789383422324, -19.434990030818813 ], [ 23.866077244803769, -19.433903964674094 ], [ 23.866284737484378, -19.433235136559315 ], [ 23.866664645908475, -19.432397196401666 ], [ 23.867352851772662, -19.431637576412669 ], [ 23.868394645265855, -19.431038750233064 ], [ 23.870522775139971, -19.429881975705431 ], [ 23.871776398729661, -19.42886381373086 ], [ 23.872987636939211, -19.427929509603313 ], [ 23.873932936214047, -19.426833025600228 ], [ 23.874482998765544, -19.425701203108275 ], [ 23.874939533486906, -19.424238088426829 ], [ 23.875718895260476, -19.421189188763393 ], [ 23.876137438471865, -19.42005944829501 ], [ 23.876475638603853, -19.419346946479791 ], [ 23.877372645724339, -19.418001636978239 ], [ 23.87911093494229, -19.414950004145588 ], [ 23.880198372937286, -19.412969399421673 ], [ 23.881047384844734, -19.411391900989724 ], [ 23.881965921607904, -19.409780018219784 ], [ 23.882713823992745, -19.408437058822017 ], [ 23.883461716173194, -19.407094098633106 ], [ 23.883905780870585, -19.406421503765291 ], [ 23.885142396732789, -19.404205571611563 ], [ 23.886374454002365, -19.401981387257141 ], [ 23.887223801571185, -19.40042882403894 ], [ 23.888498896199, -19.398162350840089 ], [ 23.890069705687097, -19.395267223684574 ], [ 23.892261343644908, -19.391228711548312 ], [ 23.892939713165024, -19.389928430526499 ], [ 23.89361660137396, -19.388544978919395 ], [ 23.894551260119737, -19.386866247434416 ], [ 23.894976231955773, -19.386110747989818 ], [ 23.895951006899733, -19.384223392956439 ], [ 23.897015609837602, -19.38245939077111 ], [ 23.898672312048692, -19.379479659908633 ], [ 23.901438765108175, -19.374818373070777 ], [ 23.90300695413767, -19.371798434240802 ], [ 23.904140483753789, -19.369294978146979 ], [ 23.90481205051697, -19.36762041639275 ], [ 23.905748708815612, -19.366066406731182 ], [ 23.906377171896363, -19.364434127152126 ], [ 23.906845120246125, -19.363636328164429 ], [ 23.907179407175125, -19.362715877641065 ], [ 23.907731286121631, -19.361708757204941 ], [ 23.908322545797425, -19.360451430113066 ], [ 23.908832073529634, -19.359528175889732 ], [ 23.909516849389387, -19.35860212043946 ], [ 23.909548853005958, -19.357936075407796 ], [ 23.909714508619778, -19.357392680797794 ], [ 23.909878688951434, -19.356766117739639 ], [ 23.910339219121845, -19.355552474251944 ], [ 23.910971300469992, -19.354128107809736 ], [ 23.911896760654926, -19.351950322217903 ], [ 23.912692983457568, -19.349899390645135 ], [ 23.914018346877398, -19.346800094407396 ], [ 23.91532643290255, -19.343347505764036 ], [ 23.916740297357812, -19.339685241790928 ], [ 23.918191307185641, -19.33503448021338 ], [ 23.919682946274069, -19.330747024888929 ], [ 23.920097887095832, -19.329440511149937 ], [ 23.92067246583963, -19.327871466612962 ], [ 23.920929600432945, -19.326931442985696 ], [ 23.921291619888837, -19.325729766335154 ], [ 23.921661032423366, -19.324943925818431 ], [ 23.922131627283413, -19.32368851371832 ], [ 23.922443504299981, -19.322747610651312 ], [ 23.922956817755164, -19.32081558493066 ], [ 23.922754640455402, -19.318687053360069 ], [ 23.923041539318618, -19.316342701341142 ], [ 23.923296802709896, -19.315298718437504 ], [ 23.923373939478992, -19.313477675373161 ], [ 23.923721128738453, -19.311444323652687 ], [ 23.923908689371277, -19.309673504739465 ], [ 23.924609757273178, -19.304059859019223 ], [ 23.925110997927224, -19.301452097122159 ], [ 23.92530779214669, -19.300201074554607 ], [ 23.925555632172745, -19.298741256066826 ], [ 23.925749649663022, -19.297334293698711 ], [ 23.925946440433275, -19.296083270304564 ], [ 23.926234224102252, -19.293790899339729 ], [ 23.926685311383114, -19.291443915585749 ], [ 23.926872847199743, -19.289673097460565 ], [ 23.92741029007567, -19.286024866782224 ], [ 23.927749099407666, -19.283523699513584 ], [ 23.928685794331336, -19.276541422616603 ], [ 23.929004248548733, -19.272896703585637 ], [ 23.929326396751712, -19.269459904385645 ], [ 23.929515761790277, -19.267793045872942 ], [ 23.929655937015653, -19.26643894211406 ], [ 23.92985916193982, -19.26555177743635 ], [ 23.929887094647057, -19.26404349120374 ], [ 23.929979926903776, -19.263106102110843 ], [ 23.930020797754121, -19.262325529672818 ], [ 23.93038928513058, -19.261110750299633 ], [ 23.931131512714973, -19.259746991615454 ], [ 23.932202120230727, -19.258377962655295 ], [ 23.932731868844691, -19.257381570233143 ], [ 23.932944321751361, -19.257014199864898 ], [ 23.933475913221915, -19.256121765063575 ], [ 23.934704195216028, -19.254386234727995 ], [ 23.936101270519853, -19.252907959788203 ], [ 23.937930600414919, -19.251110766887454 ], [ 23.93885173488092, -19.250576019509431 ], [ 23.940040018989219, -19.249673012657091 ], [ 23.941122542187252, -19.248979679493893 ], [ 23.942372948605115, -19.248491613057535 ], [ 23.943139254859926, -19.248240107656475 ], [ 23.943344661123547, -19.247970590881184 ], [ 23.943870049663861, -19.247962132994772 ], [ 23.944327761087376, -19.248087867536221 ], [ 23.945128604824546, -19.247808760059335 ], [ 23.945969817436936, -19.247828484958585 ], [ 23.946635307703911, -19.247817761664823 ], [ 23.94729841864272, -19.247673968723603 ], [ 23.94803039086413, -19.247462513146647 ], [ 23.948589017319485, -19.247353676837651 ], [ 23.949324554959588, -19.247341814299325 ], [ 23.950271434583289, -19.247393090433654 ], [ 23.950830653500148, -19.24731751420186 ], [ 23.951250959852338, -19.247310731220097 ], [ 23.951768602882044, -19.246869787684005 ], [ 23.952134018606138, -19.246478804365367 ], [ 23.952343790077009, -19.245729118259913 ], [ 23.952476150158045, -19.245294393061492 ], [ 23.952811513592273, -19.244457079019188 ], [ 23.952974133018184, -19.243755658493832 ], [ 23.953272681356523, -19.242819110740854 ], [ 23.953672130944675, -19.241648001185307 ], [ 23.953771844444944, -19.241346907085997 ], [ 23.953937974661873, -19.240652613229955 ], [ 23.954526887940776, -19.240469537473832 ], [ 23.955257028453971, -19.24015825846276 ], [ 23.955498024770659, -19.239921433348673 ], [ 23.95601801818577, -19.239613546576983 ], [ 23.956539201653435, -19.23937219170331 ], [ 23.957087924489247, -19.239103769498122 ], [ 23.957663442685032, -19.238375706026758 ], [ 23.957991558380627, -19.237917848088671 ], [ 23.958626921087305, -19.237401780640322 ], [ 23.959066628262988, -19.236915495559423 ], [ 23.959399032496645, -19.236697153035102 ], [ 23.959732866715854, -19.236558649040603 ], [ 23.959867708544216, -19.236263640161273 ], [ 23.95994651233508, -19.235969537996347 ], [ 23.960306930781872, -19.235750740861405 ], [ 23.960749494186707, -19.235424130779329 ], [ 23.961437531975594, -19.234720857250725 ], [ 23.962123655466097, -19.233911131834358 ], [ 23.962450316666835, -19.233373430610168 ], [ 23.962612214029715, -19.233024741039991 ], [ 23.962913243913324, -19.232620556854506 ], [ 23.963189120216512, -19.232376503735367 ], [ 23.963521509596855, -19.232158154662987 ], [ 23.963912320468527, -19.232071962847844 ], [ 23.964362512244808, -19.232171151759616 ], [ 23.964784208852272, -19.232244181524408 ], [ 23.965228664645949, -19.232024014473591 ], [ 23.965700658495106, -19.231776779472874 ], [ 23.966005980746282, -19.231612107268191 ], [ 23.966370684694819, -19.231632815237461 ], [ 23.966706892916456, -19.231627363924481 ], [ 23.967432951870379, -19.231482487382028 ], [ 23.967767724138906, -19.231397196594415 ], [ 23.968159009139171, -19.231337608122569 ], [ 23.968411164217837, -19.231333517297227 ], [ 23.969359921639267, -19.231105159442517 ], [ 23.970831902175341, -19.230362513889432 ], [ 23.971719345414854, -19.229842314680063 ], [ 23.972809932403376, -19.229125814477158 ], [ 23.974285711267584, -19.228596045033928 ], [ 23.975569200836681, -19.228282355190412 ], [ 23.976182687348889, -19.228112656483141 ], [ 23.977430952716446, -19.227400222060801 ], [ 23.978649269939247, -19.226581787142791 ], [ 23.979116903888116, -19.226095009051338 ], [ 23.979643446602537, -19.225766994071506 ], [ 23.980173830309447, -19.225651877237752 ], [ 23.98072982722779, -19.225403240027841 ], [ 23.981061694579491, -19.225158251394777 ], [ 23.981464637030577, -19.224193358898841 ], [ 23.981623122261638, -19.22365837211694 ], [ 23.98219847586472, -19.222930252035169 ], [ 23.982798476652924, -19.22201538681767 ], [ 23.983125527760564, -19.221504271800129 ], [ 23.983693176447041, -19.220350350166822 ], [ 23.984148279788727, -19.219171642008767 ], [ 23.984549990806418, -19.218140214087597 ], [ 23.984987166075484, -19.217520822436082 ], [ 23.985313241233204, -19.216956481423587 ], [ 23.985663482311534, -19.216178783774993 ], [ 23.985848040060208, -19.215536889234624 ], [ 23.986039329976283, -19.215267568631877 ], [ 23.986808331119597, -19.214403179774258 ], [ 23.987220842168394, -19.213970527033428 ], [ 23.98762565261984, -19.213112077158573 ], [ 23.98792851073441, -19.212814313665771 ], [ 23.988587842578898, -19.212084810255678 ], [ 23.989162649007699, -19.211330063755291 ], [ 23.989596421302956, -19.210524379876997 ], [ 23.990473582523993, -19.20944525279112 ], [ 23.991243016699617, -19.208607464822069 ], [ 23.992098407341739, -19.207874749106722 ], [ 23.99284366813017, -19.207250311384833 ], [ 23.993533861057365, -19.20668001067855 ], [ 23.993974348353902, -19.206246889543543 ], [ 23.994416279503536, -19.205893605290907 ], [ 23.994830679483044, -19.205567390448874 ], [ 23.994852424420596, -19.205220973326913 ], [ 23.994959170120051, -19.204926407563107 ], [ 23.995237362331327, -19.204815379200188 ], [ 23.995542119658367, -19.204624055693486 ], [ 23.995703924487128, -19.20427534905 ], [ 23.9960656845778, -19.203557346726271 ], [ 23.996284957110106, -19.203287560177134 ], [ 23.996419228918949, -19.202965923639571 ], [ 23.996662170125603, -19.202456169703172 ], [ 23.996851981704829, -19.202107004384132 ], [ 23.99720503829748, -19.201488968305156 ], [ 23.997419481571384, -19.200953059086643 ], [ 23.997721818141954, -19.200628673154355 ], [ 23.998044445280545, -19.199878033669268 ], [ 23.999374521104027, -19.197513706660928 ], [ 23.999453727281988, -19.197246210487901 ], [ 23.999477877069268, -19.197032855662602 ], [ 23.999964210656795, -19.196039955082291 ], [ 24.000099435539102, -19.195771541687083 ], [ 24.000614254674879, -19.194804793848203 ], [ 24.000691528085703, -19.194430848990535 ], [ 24.000717607363917, -19.194323942730541 ], [ 24.001206341471125, -19.193464101287184 ], [ 24.001312587064405, -19.1931429219531 ], [ 24.001419316097952, -19.192848354703216 ], [ 24.001906111566168, -19.191882063930809 ], [ 24.002011390374129, -19.191507660240987 ], [ 24.002198765281008, -19.191025432663313 ], [ 24.00238903864803, -19.190702876673427 ], [ 24.002578344527215, -19.190327097307041 ], [ 24.002737708377655, -19.189845327442075 ], [ 24.003037117235589, -19.189361263156556 ], [ 24.003131164325861, -19.18894711371043 ], [ 24.003294872808834, -19.188704852434661 ], [ 24.003457131762282, -19.188382754838326 ], [ 24.00345230154489, -19.188116634053252 ], [ 24.002989186593922, -19.187299004166686 ], [ 24.002870391028328, -19.186928271020481 ], [ 24.00232373928494, -19.186138625176415 ], [ 24.00208904951905, -19.185556829881236 ], [ 24.001624020299438, -19.184632745910058 ], [ 24.001101724487835, -19.183640383715048 ], [ 24.0008726393391, -19.183367285598298 ], [ 24.000846374413538, -19.183154755056318 ], [ 24.000753274490343, -19.182964615667604 ] ] ] } },
{ "type": "Feature", "properties": { "ID": null, "Name": "Maun-Chanoga", "Distance": null, "Type": "road" }, "geometry": { "type": "MultiLineString", "coordinates": [ [ [ 23.41840478755903, -19.997957074804393 ], [ 23.423777027623021, -20.003857993956 ], [ 23.431964580918063, -20.007472696617587 ], [ 23.433712506346058, -20.008962753187117 ] ], [ [ 23.433712506346058, -20.008962753187117 ], [ 23.435344088938503, -20.018898242889385 ], [ 23.437219932611516, -20.026675690437848 ], [ 23.438127267710346, -20.0295748542597 ], [ 23.439542988975482, -20.031477034009779 ], [ 23.442848601391237, -20.033600126894701 ], [ 23.444957424083359, -20.034954493654887 ], [ 23.45471885057248, -20.040584317124374 ], [ 23.464697469988973, -20.046268737965317 ], [ 23.468803646153418, -20.048773656208901 ], [ 23.483943627784729, -20.057354520163873 ], [ 23.500517049425984, -20.066845334992021 ], [ 23.507768521052736, -20.07103652407779 ], [ 23.514481209117438, -20.074915816837017 ], [ 23.530361868031846, -20.083947253227066 ], [ 23.537528853293434, -20.088173341463516 ], [ 23.544218470573366, -20.092133321892558 ], [ 23.561110671911749, -20.101846038600854 ], [ 23.570587374867898, -20.106541119001907 ], [ 23.578167775997134, -20.110215270671148 ], [ 23.597019582899602, -20.118905594266334 ], [ 23.616119815832146, -20.12759000005083 ], [ 23.632118759076686, -20.135037527327803 ], [ 23.647685662688119, -20.142373491608307 ], [ 23.659584656043148, -20.147841968811047 ], [ 23.664466905477223, -20.148525054317748 ], [ 23.683123244452361, -20.148882113560106 ], [ 23.702462429302223, -20.149517813799868 ], [ 23.712792092138194, -20.149861288343835 ], [ 23.721616589752312, -20.15015422982535 ], [ 23.740089600832817, -20.150624477618674 ], [ 23.75474215229579, -20.151210834097697 ], [ 23.773073314143037, -20.15761832105099 ], [ 23.790854123926263, -20.164207129865574 ], [ 23.807763894288243, -20.170283914338118 ], [ 23.824054187863254, -20.176136006885816 ], [ 23.841159538076884, -20.182671898049485 ], [ 23.852779956258029, -20.185918492704086 ], [ 23.86300523591748, -20.187032970914448 ], [ 23.871334469399546, -20.187304579459816 ], [ 23.887951309441195, -20.187265121940314 ], [ 23.906104624042275, -20.186965819460212 ], [ 23.927471921634467, -20.186683893849196 ], [ 23.949844848254315, -20.185800351433173 ], [ 23.973368656745805, -20.184676208413787 ], [ 23.995496567992294, -20.183136152520241 ], [ 24.011636861739657, -20.182860282066862 ], [ 24.018885729051242, -20.1830997206022 ], [ 24.041896298569675, -20.183430530306374 ], [ 24.064207496913589, -20.183479457900496 ], [ 24.086599632278414, -20.18374239683051 ], [ 24.108529215485163, -20.184010644852965 ], [ 24.118657238079972, -20.184116564195325 ], [ 24.131768036971092, -20.184252805579781 ], [ 24.154544282151537, -20.184500177211241 ], [ 24.178006050815863, -20.184368400372371 ], [ 24.201769471405569, -20.183936969093178 ], [ 24.224233310969009, -20.184035446002152 ], [ 24.247399007344736, -20.18455457179866 ], [ 24.272104848598207, -20.18504193271524 ], [ 24.292880675440902, -20.185526744415601 ], [ 24.315892913092611, -20.186112366671392 ], [ 24.337122570170774, -20.186219587513563 ], [ 24.358310701965912, -20.1879981608372 ], [ 24.378631324984202, -20.188845121915843 ], [ 24.400591224530711, -20.190676362412638 ], [ 24.423541260981523, -20.191976288239669 ], [ 24.446571408412741, -20.193417058843153 ], [ 24.470844970115124, -20.195339337713239 ], [ 24.494728651057294, -20.197047715203485 ], [ 24.517065580957183, -20.198492811423581 ], [ 24.525981492959986, -20.199259525403473 ], [ 24.538059037947576, -20.201853178121713 ], [ 24.560169187370203, -20.20686111869691 ], [ 24.580112344529248, -20.2114011781727 ], [ 24.583827200159778, -20.212125388757649 ], [ 24.587448166496063, -20.212960203113344 ], [ 24.600700256756074, -20.216046252325114 ], [ 24.610546401300748, -20.218855746780754 ], [ 24.626743009552214, -20.222570286359403 ], [ 24.635892902241011, -20.224652020532154 ], [ 24.641016041039247, -20.226767534685639 ], [ 24.647936366961776, -20.229539419915231 ], [ 24.650740988877057, -20.231058285389754 ], [ 24.658119369612326, -20.235644275211392 ], [ 24.663511458093922, -20.238049660006514 ], [ 24.669521840572344, -20.240046930300529 ], [ 24.68366341238799, -20.243008773234408 ], [ 24.70753445125974, -20.248133563263831 ], [ 24.719572576912654, -20.250593731958453 ], [ 24.723976384438501, -20.250993859989954 ], [ 24.732087765319339, -20.251117433029073 ], [ 24.74018962799898, -20.250845874890445 ], [ 24.748290212453586, -20.250524600851687 ], [ 24.750748764227513, -20.25052133998302 ], [ 24.756726975605446, -20.25113375012473 ], [ 24.762032645932941, -20.252056605701796 ], [ 24.763186467719372, -20.252179922958081 ], [ 24.770556304428659, -20.254094871537784 ], [ 24.774079641433921, -20.254858230518426 ], [ 24.780018843909836, -20.256013689826467 ], [ 24.784580742307472, -20.256458196882623 ], [ 24.787985203495396, -20.256631419359461 ], [ 24.795932345485326, -20.256459320697193 ], [ 24.803027234298629, -20.255663607744111 ], [ 24.805470077723605, -20.255018139077588 ], [ 24.823875042183122, -20.250421121494217 ], [ 24.82860585163116, -20.249231730468484 ], [ 24.834962049186601, -20.248204101725534 ], [ 24.849635096008111, -20.247191128558466 ], [ 24.869006429338675, -20.245826416222627 ], [ 24.885453378395777, -20.244672572036869 ], [ 24.890980880706525, -20.244006893288308 ], [ 24.894525620908414, -20.243533223811642 ], [ 24.900299558217849, -20.242269434019949 ], [ 24.916343844234024, -20.237617043798668 ], [ 24.926217964366398, -20.235125458049517 ], [ 24.933351350004443, -20.233879551560925 ], [ 24.940291688429113, -20.233279395425171 ], [ 24.954873994631662, -20.232950923446733 ], [ 24.964699903873559, -20.232728907305372 ], [ 24.975150341737908, -20.232393457757045 ], [ 24.985469646799991, -20.231023840682685 ], [ 25.005498342327048, -20.226964135265671 ], [ 25.010024734055605, -20.22607092449573 ], [ 25.021943905877055, -20.223922293858596 ], [ 25.028828000718644, -20.223221297974806 ], [ 25.034836352810149, -20.22303376058305 ], [ 25.052027547715486, -20.222587900310643 ], [ 25.056204181980405, -20.222343247649569 ], [ 25.062357509256149, -20.221707220908339 ], [ 25.075087854052555, -20.218647930784527 ], [ 25.081109270455357, -20.216977902597709 ], [ 25.091704091692243, -20.214263313531472 ], [ 25.097216786044473, -20.213147535150927 ], [ 25.103420265042015, -20.212459609457838 ], [ 25.106083682903265, -20.212347917842571 ], [ 25.116759323011756, -20.212739225892747 ], [ 25.164537646781412, -20.213029966910401 ] ], [ [ 23.428163076764722, -19.986469820765166 ], [ 23.428633009443018, -19.987615969448552 ], [ 23.428956204716751, -19.989553623487328 ], [ 23.429555807906823, -19.990377724263166 ], [ 23.430845743031288, -19.991562272849812 ], [ 23.431631039181131, -19.991736457723928 ], [ 23.432611951185262, -19.991907952266224 ], [ 23.434766550639658, -19.992063316342161 ], [ 23.436529921743464, -19.992224034655717 ], [ 23.438894380310096, -19.993301257349547 ] ], [ [ 23.438894380310096, -19.993301257349547 ], [ 23.437936238233984, -19.994609159625231 ], [ 23.435827130809731, -19.997412562881319 ], [ 23.434292027399962, -19.999375740955944 ], [ 23.433430202848015, -20.000589821476016 ], [ 23.432588265035861, -20.003098343030221 ], [ 23.432619536747346, -20.005132469961534 ], [ 23.432640860909718, -20.006519373362259 ], [ 23.433712506346058, -20.008962753187117 ] ] ] } },
{ "type": "Feature", "properties": { "ID": 0.0, "Name": "Maun-Mababe", "Distance": "5km", "Type": "road" }, "geometry": { "type": "Polygon", "coordinates": [ [ [ 23.409899934834588, -19.957995617931118 ], [ 23.41275195956775, -19.95497379633094 ], [ 23.413047316780307, -19.954717721326212 ], [ 23.413158572449507, -19.954555575326882 ], [ 23.415702577752722, -19.951474534883442 ], [ 23.418521116884115, -19.948615154996698 ], [ 23.422881121951562, -19.94456208137008 ], [ 23.425348206107714, -19.94242537480628 ], [ 23.431880178280018, -19.93715692524049 ], [ 23.435167646141284, -19.934733392970113 ], [ 23.438667775563509, -19.932592818101682 ], [ 23.439639633033462, -19.932054313160322 ], [ 23.440778062930399, -19.93138034853612 ], [ 23.445371314806941, -19.928985334772101 ], [ 23.450216476334525, -19.927085725988061 ], [ 23.450453055358754, -19.927020878426603 ], [ 23.450699710704946, -19.926885620094893 ], [ 23.451199542335115, -19.926615355645811 ], [ 23.455272551123947, -19.92444395270936 ], [ 23.457856970856255, -19.921045587560048 ], [ 23.460950092046136, -19.917396713622818 ], [ 23.464428854649224, -19.914073089307319 ], [ 23.468255240144874, -19.911110998754541 ], [ 23.470041543179555, -19.91000080311057 ], [ 23.470573489265661, -19.908512017718298 ], [ 23.472354061575736, -19.904725879993858 ], [ 23.473083816200756, -19.903349548086727 ], [ 23.475007137895908, -19.900072267876052 ], [ 23.475684179194218, -19.899024559403301 ], [ 23.478203968647708, -19.895511321484534 ], [ 23.481064312025516, -19.892239788110622 ], [ 23.481917108823918, -19.891353577438554 ], [ 23.482961866155399, -19.890302426557643 ], [ 23.484270754884989, -19.889027339542068 ], [ 23.486717397339881, -19.886893700593465 ], [ 23.487547302186954, -19.886066363465606 ], [ 23.489497302377817, -19.884069018098771 ], [ 23.492150078324123, -19.881334397394099 ], [ 23.492635165025693, -19.880750708794 ], [ 23.494780457052194, -19.877741893246476 ], [ 23.495820979453917, -19.876341083429228 ], [ 23.498715706131293, -19.872598256971692 ], [ 23.500897040260465, -19.869987338426274 ], [ 23.502293746642366, -19.868437671797761 ], [ 23.503732524193076, -19.866913233572628 ], [ 23.504915211466884, -19.865716294609939 ], [ 23.508153054811327, -19.862738051768762 ], [ 23.511676259228857, -19.860065552144668 ], [ 23.512910511873855, -19.859217605457644 ], [ 23.514803659678741, -19.857982345489329 ], [ 23.516176460400942, -19.857132435387253 ], [ 23.519627362089764, -19.855188724685654 ], [ 23.523240033299832, -19.853529033723699 ], [ 23.526988423318027, -19.852165319245927 ], [ 23.528137705161381, -19.851799377107298 ], [ 23.531938000587708, -19.850761722003462 ], [ 23.532265323006953, -19.850659712969275 ], [ 23.53294779821244, -19.850504473387382 ], [ 23.535857851192649, -19.848310204135505 ], [ 23.53901168893848, -19.84584108540416 ], [ 23.540594818846309, -19.844572500473969 ], [ 23.54128901979983, -19.84387444187292 ], [ 23.542598250396789, -19.842494155044342 ], [ 23.544224497442617, -19.840863713272991 ], [ 23.545198404547435, -19.839935037480018 ], [ 23.54607437111822, -19.838953004858308 ], [ 23.551637499851665, -19.831876586752113 ], [ 23.551884575780115, -19.831565128049519 ], [ 23.556096989404509, -19.82630274515185 ], [ 23.556460676852449, -19.825854306542176 ], [ 23.559949914234668, -19.821607667140938 ], [ 23.561383319209288, -19.819946788153146 ], [ 23.563590541135103, -19.817510812020807 ], [ 23.564066053720065, -19.816994070050459 ], [ 23.566881778001044, -19.813981046170351 ], [ 23.568096583748538, -19.81272979622371 ], [ 23.570870181484008, -19.80997963227443 ], [ 23.571374139032883, -19.809487524362151 ], [ 23.574133881829354, -19.80683359475913 ], [ 23.577356666600821, -19.803571253042506 ], [ 23.577476089740053, -19.80345080785569 ], [ 23.578783814677511, -19.802136748625383 ], [ 23.57896253811694, -19.801913468302239 ], [ 23.580606633643228, -19.79978674511942 ], [ 23.584067410991299, -19.794272472191981 ], [ 23.587074220693331, -19.789346537786955 ], [ 23.588158963441611, -19.787656744886622 ], [ 23.589647428668279, -19.785449445824636 ], [ 23.591434897401662, -19.782984388553764 ], [ 23.593878051956221, -19.779845244351474 ], [ 23.595888730096526, -19.777439070969564 ], [ 23.597787618566009, -19.775320203574104 ], [ 23.602400215640277, -19.769712190631875 ], [ 23.603517085674184, -19.768203952257419 ], [ 23.60390738064034, -19.767579141948815 ], [ 23.604997441570241, -19.765230688519758 ], [ 23.607793700419943, -19.760722451393722 ], [ 23.609915200380073, -19.757718953409675 ], [ 23.611734949597455, -19.755318171264179 ], [ 23.613998350882362, -19.752531167933579 ], [ 23.616406367729606, -19.749798282598999 ], [ 23.617987274899949, -19.74814265432245 ], [ 23.618647827697963, -19.747395109106368 ], [ 23.621956917241487, -19.744320652434961 ], [ 23.625258901051499, -19.741540292134545 ], [ 23.628461218135211, -19.739072382179391 ], [ 23.632740208109883, -19.736059078871563 ], [ 23.632963370823017, -19.735902882874562 ], [ 23.635531035869153, -19.734116709720318 ], [ 23.63570070914621, -19.734004806672974 ], [ 23.636520956430342, -19.732752499784418 ], [ 23.637860997431975, -19.730888609590831 ], [ 23.639489231338551, -19.728760963032883 ], [ 23.640479111579417, -19.727544322436859 ], [ 23.642458870000919, -19.725110978270621 ], [ 23.642978803117053, -19.724483561847165 ], [ 23.64601797090193, -19.72088260377242 ], [ 23.648074131796037, -19.718290565698414 ], [ 23.648946976177378, -19.717389738830082 ], [ 23.651340144576999, -19.714582459687577 ], [ 23.652456013163619, -19.713321635643904 ], [ 23.656830935600262, -19.708558942807247 ], [ 23.657107509562419, -19.708257761530888 ], [ 23.658900056807536, -19.70602647539873 ], [ 23.662034308555487, -19.702827384654096 ], [ 23.662898305996126, -19.702027563658483 ], [ 23.665969119107718, -19.699423046426862 ], [ 23.66661386294631, -19.698965516349627 ], [ 23.667096320273476, -19.698092443505271 ], [ 23.667516924288339, -19.697348467848592 ], [ 23.668638992336241, -19.695407921249679 ], [ 23.669457049715536, -19.694050010155372 ], [ 23.670176714649042, -19.692902480721479 ], [ 23.672370548759247, -19.689720438258799 ], [ 23.674841599031417, -19.686726290057557 ], [ 23.675838833144216, -19.685618362659458 ], [ 23.676452386215558, -19.68496733858828 ], [ 23.676546836353452, -19.68478780974857 ], [ 23.678464476592637, -19.68149691133835 ], [ 23.680667023084265, -19.67837016749246 ], [ 23.682209028980925, -19.676368674217912 ], [ 23.683534648728802, -19.674728909125648 ], [ 23.685073907271839, -19.672913276245541 ], [ 23.687812251009841, -19.66995912860428 ], [ 23.690813785296431, -19.667244182184838 ], [ 23.694055307366398, -19.664789402455487 ], [ 23.694831022447961, -19.664253133933393 ], [ 23.698180969482749, -19.662138462332887 ], [ 23.701708809450409, -19.660301798341067 ], [ 23.705388896042312, -19.65875648163728 ], [ 23.706817207263374, -19.658224496144239 ], [ 23.709575573752769, -19.657191664099972 ], [ 23.710193973234368, -19.656970653353476 ], [ 23.710371572095401, -19.656757828922814 ], [ 23.711117577337614, -19.655886543469943 ], [ 23.712100590949778, -19.654767423450533 ], [ 23.712807858781293, -19.653879672943848 ], [ 23.714830569878686, -19.651141830366402 ], [ 23.719036124405633, -19.645892214694818 ], [ 23.723517129732326, -19.640097628379305 ], [ 23.726250926770295, -19.636567799802513 ], [ 23.726358598034476, -19.636429333783909 ], [ 23.728327664112332, -19.633907234831003 ], [ 23.735093841934187, -19.62519481806503 ], [ 23.73536063537826, -19.624854655405976 ], [ 23.737053997304141, -19.622716818824252 ], [ 23.744889281617976, -19.612764070520125 ], [ 23.745095718389077, -19.612503812513697 ], [ 23.748619202116622, -19.608095097090107 ], [ 23.748650044552541, -19.608056548273986 ], [ 23.752667827617071, -19.603040369016316 ], [ 23.75552339584603, -19.599386234355379 ], [ 23.758672312422235, -19.59531238320838 ], [ 23.759502558317742, -19.594270494408278 ], [ 23.762490096685845, -19.590632955137007 ], [ 23.763751975970475, -19.58909148086363 ], [ 23.764460282043771, -19.58830485184458 ], [ 23.764947136078842, -19.586739256516417 ], [ 23.765406445046022, -19.585359352482303 ], [ 23.766910603109093, -19.581476294393273 ], [ 23.768786869718408, -19.577741608329905 ], [ 23.771019158383613, -19.574187251277174 ], [ 23.773588339353495, -19.570843633616818 ], [ 23.773774494909524, -19.570623524283143 ], [ 23.773898250344136, -19.570266015895289 ], [ 23.775559753713914, -19.566348544413881 ], [ 23.775532985159032, -19.566338153227019 ], [ 23.7760396045724, -19.565165522580863 ], [ 23.776172913851589, -19.564902818910539 ], [ 23.776191105931591, -19.564859924933465 ], [ 23.776658109472905, -19.563937517196436 ], [ 23.77666188377205, -19.563939234168604 ], [ 23.778477559434549, -19.560361125827207 ], [ 23.781501299690873, -19.555865950992366 ], [ 23.782402725627517, -19.554687262010013 ], [ 23.783245599475073, -19.553735230279166 ], [ 23.783955776513658, -19.552127786721158 ], [ 23.784295362339652, -19.551456936865492 ], [ 23.784846858357255, -19.550403216552834 ], [ 23.78511909300617, -19.549899808405847 ], [ 23.787697867430381, -19.545708275029998 ], [ 23.790740456811228, -19.541806348865229 ], [ 23.794121110336874, -19.538332334274173 ], [ 23.794052037215806, -19.538399984983954 ], [ 23.794674544616605, -19.537752128273912 ], [ 23.795652469086285, -19.536764831392148 ], [ 23.795963176348753, -19.536460514477408 ], [ 23.795999010631686, -19.536428717391782 ], [ 23.796644397445711, -19.535527428458597 ], [ 23.797159948947243, -19.534887135783524 ], [ 23.798418151092509, -19.533471917532278 ], [ 23.799856700944289, -19.529620418680281 ], [ 23.802051590862682, -19.525288848090156 ], [ 23.804724023493993, -19.521205658289706 ], [ 23.805169892418704, -19.52059970690323 ], [ 23.807173901199466, -19.518242648494201 ], [ 23.807795243595745, -19.517022390381175 ], [ 23.81017205492919, -19.513523931568013 ], [ 23.810155975842722, -19.513513924605473 ], [ 23.810738145397732, -19.512672885838644 ], [ 23.810838540708623, -19.512542901666823 ], [ 23.810921085229761, -19.512421400094389 ], [ 23.811573425358446, -19.511579275528344 ], [ 23.811579526255898, -19.511583524714553 ], [ 23.813594808279618, -19.50897422740325 ], [ 23.816333421973983, -19.506099685946879 ], [ 23.8168217729411, -19.505575523149343 ], [ 23.817353300983477, -19.505030476193838 ], [ 23.816784167044197, -19.503959046723622 ], [ 23.816464888956645, -19.503256810207173 ], [ 23.814322241837552, -19.497486756783452 ], [ 23.813995796406861, -19.496368606256993 ], [ 23.813391760270573, -19.493836746919104 ], [ 23.813213110004664, -19.493202492560325 ], [ 23.812931981189749, -19.492166835818356 ], [ 23.812378776608085, -19.489882319431281 ], [ 23.81235297289788, -19.489761295778376 ], [ 23.811711006661181, -19.487364794715891 ], [ 23.811471604770322, -19.486203677317881 ], [ 23.811347729174649, -19.485551715801694 ], [ 23.811273241235565, -19.485282442272961 ], [ 23.811031788747115, -19.484455261765074 ], [ 23.810569345472334, -19.482739490452207 ], [ 23.810333552924657, -19.481786321094273 ], [ 23.809497304327504, -19.477457230324582 ], [ 23.809113970463677, -19.473071125693917 ], [ 23.809187231242852, -19.468670526083599 ], [ 23.809716338670547, -19.464298087507473 ], [ 23.809875974439574, -19.463380382143288 ], [ 23.810155545487707, -19.462136859108391 ], [ 23.810279803671964, -19.460954795447474 ], [ 23.810436567940243, -19.459870728163018 ], [ 23.81085791676956, -19.457451715031887 ], [ 23.811181473678342, -19.455865847898089 ], [ 23.812364199583445, -19.451345591732512 ], [ 23.813118604872145, -19.448993832985146 ], [ 23.813813810090036, -19.446996555931424 ], [ 23.814098920231665, -19.446237875497935 ], [ 23.814432382821142, -19.445211596312827 ], [ 23.814645824954923, -19.444575016172475 ], [ 23.814894936451449, -19.443678868381873 ], [ 23.816073393043336, -19.440066597653875 ], [ 23.81657656674512, -19.438727560547328 ], [ 23.817299580395851, -19.436927107038443 ], [ 23.817457830146619, -19.436557192741102 ], [ 23.817584850275221, -19.436138766517352 ], [ 23.817713408409599, -19.435727317182675 ], [ 23.817827523856486, -19.435061592136279 ], [ 23.818283386908767, -19.432526876006477 ], [ 23.818633822937311, -19.430503565115984 ], [ 23.818971372492427, -19.428769212467554 ], [ 23.819215042227054, -19.427642196847557 ], [ 23.819545268260622, -19.426231125299488 ], [ 23.819955681231253, -19.424602308178883 ], [ 23.820090324722912, -19.424081762675982 ], [ 23.820378540615856, -19.422995658248485 ], [ 23.820873716136592, -19.421275324126995 ], [ 23.821081426947757, -19.420606482116497 ], [ 23.82300020678575, -19.415564771087706 ], [ 23.823380379707832, -19.414726852218426 ], [ 23.825485510808026, -19.410666187045354 ], [ 23.828012406551554, -19.406828247647812 ], [ 23.830935145358286, -19.40325234436974 ], [ 23.831623514735707, -19.402492846090791 ], [ 23.833999634909304, -19.400134622324146 ], [ 23.836662451958819, -19.395441613309114 ], [ 23.836695573466137, -19.395391964043657 ], [ 23.837495410836787, -19.393988634058857 ], [ 23.838329191001836, -19.392470945923971 ], [ 23.839091643679257, -19.391055148999989 ], [ 23.839607766903299, -19.390123958963382 ], [ 23.840419736193148, -19.388699918515368 ], [ 23.841062872359696, -19.387545769040059 ], [ 23.8418111515779, -19.386202915431589 ], [ 23.84265626727975, -19.384812477344028 ], [ 23.843478166943346, -19.383340561827954 ], [ 23.844621307905072, -19.381278131778419 ], [ 23.845415539849967, -19.379827196478061 ], [ 23.845668991365724, -19.379370638257445 ], [ 23.846779488524522, -19.377397904888781 ], [ 23.848190523433168, -19.374798839977657 ], [ 23.850214455640685, -19.371071638478618 ], [ 23.850465893470744, -19.370589994246171 ], [ 23.850894906053494, -19.369713747693432 ], [ 23.851970864138973, -19.367656154354147 ], [ 23.85290602652913, -19.365977519838129 ], [ 23.853000028412904, -19.365809648176437 ], [ 23.8530412043926, -19.365736490466674 ], [ 23.853657635328933, -19.364543718416385 ], [ 23.855080447680997, -19.36200109607714 ], [ 23.855740195056057, -19.360908531920817 ], [ 23.857017139273854, -19.358613195311456 ], [ 23.857636317079002, -19.357536248764234 ], [ 23.859767289079603, -19.353947741796492 ], [ 23.860220702135653, -19.353075136203856 ], [ 23.86047842672864, -19.352506348352033 ], [ 23.86079688379267, -19.351712909292122 ], [ 23.862236442779096, -19.348507625611958 ], [ 23.862977043140255, -19.347160404031783 ], [ 23.863554272442776, -19.345827674380558 ], [ 23.863745020681311, -19.345470228264354 ], [ 23.863910101662256, -19.345065212429514 ], [ 23.865162196415419, -19.342560048753256 ], [ 23.865319147773945, -19.342226519141999 ], [ 23.865471788029112, -19.341927681480506 ], [ 23.865572633860385, -19.341612690376849 ], [ 23.866033554914651, -19.340399047795337 ], [ 23.866940861953282, -19.338194727339435 ], [ 23.867433863643537, -19.337084586469096 ], [ 23.867958117553016, -19.335851859387514 ], [ 23.868507782088692, -19.334437192712198 ], [ 23.86906121725773, -19.333081165627011 ], [ 23.870029833130058, -19.330817830438484 ], [ 23.87101711888489, -19.328214176747384 ], [ 23.871114219511476, -19.327960508303363 ], [ 23.872015571135627, -19.325627738184224 ], [ 23.873044068041075, -19.322334563225752 ], [ 23.873481358790183, -19.321010175346387 ], [ 23.874781045440461, -19.317277894608686 ], [ 23.875018434115116, -19.316531183116602 ], [ 23.87562539663978, -19.314756702827719 ], [ 23.875628831985921, -19.31474732993285 ], [ 23.875661433812869, -19.314633999865485 ], [ 23.875983430195863, -19.313566300394406 ], [ 23.875986438948779, -19.313522112139012 ], [ 23.8762740757108, -19.311177571543038 ], [ 23.876533562322166, -19.309760824230295 ], [ 23.876900052595062, -19.306318549102201 ], [ 23.877019542226655, -19.30562000628565 ], [ 23.877064724835115, -19.305194645026855 ], [ 23.877156185471737, -19.304404117929611 ], [ 23.877859021086508, -19.298790024606348 ], [ 23.878297261754522, -19.296028573321784 ], [ 23.878662814929868, -19.29412980342185 ], [ 23.878747635442821, -19.293591651477978 ], [ 23.878831281516561, -19.29308112561479 ], [ 23.878968371262598, -19.292275107658085 ], [ 23.879072070100964, -19.2915247777348 ], [ 23.879190364873413, -19.290724923574995 ], [ 23.879284333041301, -19.290128720314151 ], [ 23.879490093165227, -19.288493690698381 ], [ 23.879924864018591, -19.285759653894715 ], [ 23.880037622145704, -19.285173922803558 ], [ 23.880253227694279, -19.283474448636674 ], [ 23.880755685356423, -19.280070779584289 ], [ 23.881058305923606, -19.277841793428347 ], [ 23.881862552126371, -19.27186039706995 ], [ 23.882096321771446, -19.2691941055153 ], [ 23.882120561904429, -19.268927305737432 ], [ 23.882443775173012, -19.265490200577762 ], [ 23.882530190722871, -19.264658998064906 ], [ 23.882696079814025, -19.263202669030015 ], [ 23.882814783468049, -19.26205932337048 ], [ 23.882942861690914, -19.261287892757263 ], [ 23.883008544382136, -19.260174450715301 ], [ 23.883012504660243, -19.260099243478521 ], [ 23.883013493604686, -19.260090554006787 ], [ 23.883027583741718, -19.259851706450675 ], [ 23.883120707123592, -19.25891423532752 ], [ 23.883147101624534, -19.258916600141919 ], [ 23.883595881023943, -19.254973493501506 ], [ 23.884796816244169, -19.249945648728474 ], [ 23.885165697268494, -19.248730839683883 ], [ 23.886663744881499, -19.244575920684309 ], [ 23.88858378368095, -19.240580691595095 ], [ 23.889326421857696, -19.239217004817579 ], [ 23.891209807959466, -19.236076556419327 ], [ 23.892001849841304, -19.234973740000015 ], [ 23.892518298867511, -19.234107210371995 ], [ 23.894422026082516, -19.231181555056466 ], [ 23.8956507729423, -19.229446202865919 ], [ 23.899687662909486, -19.224524874682594 ], [ 23.901085040036936, -19.223046849508627 ], [ 23.902272661030775, -19.221836496513127 ], [ 23.904102318640614, -19.22003964096011 ], [ 23.906986083452981, -19.217437199396333 ], [ 23.910090821927394, -19.215075401633936 ], [ 23.91142263942309, -19.214227066354997 ], [ 23.913735933383681, -19.21261193768381 ], [ 23.914818460845101, -19.211918817826174 ], [ 23.918915103958732, -19.209574206937379 ], [ 23.921364384363489, -19.208477239881848 ], [ 23.922962265425127, -19.207008931499296 ], [ 23.926594005603832, -19.204285770805733 ], [ 23.927493318296062, -19.203201347853394 ], [ 23.930852258945595, -19.199909754724565 ], [ 23.931128171314846, -19.199665754124322 ], [ 23.936432884744935, -19.195613561197316 ], [ 23.936765278437413, -19.195395277643769 ], [ 23.940525013364468, -19.193167218778665 ], [ 23.944488594809414, -19.191285086405028 ], [ 23.946970538799359, -19.190372433468376 ], [ 23.947046954131402, -19.190264898422285 ], [ 23.948296065151226, -19.18869693595623 ], [ 23.949484848145381, -19.186951917020465 ], [ 23.950413139325189, -19.185853259054756 ], [ 23.952368594063085, -19.183204263939086 ], [ 23.953246016429929, -19.18212527979713 ], [ 23.953766821337656, -19.181522978528854 ], [ 23.954047035110388, -19.17768999855409 ], [ 23.954816746396776, -19.173365382083873 ], [ 23.95602884440305, -19.169133294121252 ], [ 23.957671616641782, -19.165034495738684 ], [ 23.95972920479722, -19.161108459912302 ], [ 23.962181758886253, -19.157392991404127 ], [ 23.965005629736041, -19.153923862878674 ], [ 23.968173597875065, -19.150734470750876 ], [ 23.971655136589838, -19.147855514065732 ], [ 23.975416706579338, -19.145314699483102 ], [ 23.979422079344168, -19.143136475184633 ], [ 23.983632686181565, -19.141341796237334 ], [ 23.988007989421821, -19.139947923642676 ], [ 23.992505872338555, -19.138968258973719 ], [ 23.997083043996646, -19.138412216159761 ], [ 24.001695455167699, -19.138285131620979 ], [ 24.006298721345622, -19.138588213588086 ], [ 24.010848548834293, -19.139318531067836 ], [ 24.015301159855341, -19.140469042537646 ], [ 24.019613712638019, -19.142028664074893 ], [ 24.023744712503035, -19.143982376252559 ], [ 24.027654410038821, -19.146311368765527 ], [ 24.031305182590792, -19.14899322139544 ], [ 24.034661895439992, -19.152002119577958 ], [ 24.037692239237128, -19.155309102509715 ], [ 24.040367040478131, -19.158882341424484 ], [ 24.04266054205781, -19.162687445382662 ], [ 24.042896817873466, -19.16318753241444 ], [ 24.042913938635458, -19.163179400320765 ], [ 24.043165379445401, -19.163657420413447 ], [ 24.043683805852936, -19.164642073008615 ], [ 24.044049729482534, -19.165352716685888 ], [ 24.044188526776985, -19.165628421971551 ], [ 24.04444283921276, -19.166036849462404 ], [ 24.046154529226431, -19.169501933137525 ], [ 24.046796055095093, -19.170776004064461 ], [ 24.048336210677071, -19.174772927210814 ], [ 24.049469251284936, -19.178890931951997 ], [ 24.050184873476965, -19.183092671103314 ], [ 24.050476556403652, -19.187340035934618 ], [ 24.050481462737775, -19.187606124394783 ], [ 24.050355744198495, -19.191746368559496 ], [ 24.049827086470771, -19.195857772756757 ], [ 24.048899998979593, -19.199905017591874 ], [ 24.04758241430601, -19.203853331627091 ], [ 24.047281045128035, -19.20453100564696 ], [ 24.047106850053027, -19.204974980920149 ], [ 24.045510570169284, -19.208558350297164 ], [ 24.045254347138332, -19.209017512618562 ], [ 24.045205746390074, -19.209134752985342 ], [ 24.044415432750363, -19.211119674373332 ], [ 24.044332778094414, -19.211282041286303 ], [ 24.042688348332891, -19.214783433220955 ], [ 24.042547214601509, -19.215051772848746 ], [ 24.040862494731659, -19.218571438801966 ], [ 24.039790298345668, -19.220478488526226 ], [ 24.039005450839955, -19.222047659033201 ], [ 24.038747414817205, -19.222442205819945 ], [ 24.038715427388428, -19.222509114793947 ], [ 24.038614004959594, -19.22268992135405 ], [ 24.037782323027994, -19.224331945796497 ], [ 24.037238502388519, -19.225209666985783 ], [ 24.036178438406825, -19.227134895333439 ], [ 24.033836704189948, -19.230577425350457 ], [ 24.033084447978556, -19.23148787734883 ], [ 24.031368797017429, -19.233714090708823 ], [ 24.028272657733908, -19.236996517482762 ], [ 24.026718730405413, -19.238348426428889 ], [ 24.026318259552159, -19.239263259735445 ], [ 24.02575096856582, -19.240417221937111 ], [ 24.023332255735482, -19.244710197104606 ], [ 24.023228474986883, -19.244872471081962 ], [ 24.02270604596913, -19.245952701392714 ], [ 24.020143503230059, -19.250039784697552 ], [ 24.017137930936446, -19.253845006178015 ], [ 24.013723355021462, -19.257325230176942 ], [ 24.009938445188304, -19.260440999017653 ], [ 24.009606596498294, -19.260686052887767 ], [ 24.0053410300259, -19.263491722032004 ], [ 24.004694285660538, -19.263823603699915 ], [ 24.004604098009303, -19.263884208166221 ], [ 24.00166956684463, -19.26570426842688 ], [ 24.000421261683979, -19.266416948107935 ], [ 23.996872133130342, -19.268250934142742 ], [ 23.993170321832199, -19.26978898277801 ], [ 23.992668651265507, -19.269950316020726 ], [ 23.991866595455754, -19.270355099317467 ], [ 23.990087337425145, -19.272901668069899 ], [ 23.987332415542085, -19.276143069086547 ], [ 23.986967081306322, -19.276534117425658 ], [ 23.983194516140184, -19.28013692589764 ], [ 23.982676932387513, -19.280577969068396 ], [ 23.978946321724251, -19.28344463946021 ], [ 23.974927524508562, -19.285935615992585 ], [ 23.974870023532755, -19.285963784384517 ], [ 23.97444156389729, -19.289164930065354 ], [ 23.974434253050291, -19.289219285788182 ], [ 23.974096234229563, -19.291720259680663 ], [ 23.974027113449853, -19.292210207243123 ], [ 23.973616932226609, -19.295000369837219 ], [ 23.973520955577595, -19.295909241851607 ], [ 23.972993451266792, -19.299461477767974 ], [ 23.972804176795758, -19.300447853721273 ], [ 23.972689086834446, -19.301366853203334 ], [ 23.972503952224681, -19.302679087489157 ], [ 23.972370258555692, -19.303530659146325 ], [ 23.972231774928012, -19.304537140246993 ], [ 23.972030628306591, -19.305847589525978 ], [ 23.971826468989146, -19.307052310992603 ], [ 23.971670180094868, -19.308047788624432 ], [ 23.971422192754378, -19.309469708610589 ], [ 23.971185473805757, -19.310703256325141 ], [ 23.970708158663399, -19.314534629800484 ], [ 23.970562930910877, -19.315909714337732 ], [ 23.970211453360555, -19.318458550270556 ], [ 23.969990831066649, -19.32086330163029 ], [ 23.97002481213033, -19.321810499686844 ], [ 23.969611441732741, -19.326813024438504 ], [ 23.968609971864936, -19.331740045048413 ], [ 23.968097287241719, -19.33367199989674 ], [ 23.967356824120841, -19.336156865152642 ], [ 23.967045252758407, -19.337097753604208 ], [ 23.966491883721936, -19.338666689045787 ], [ 23.966021693983095, -19.339922099284149 ], [ 23.965865379053263, -19.340293042190662 ], [ 23.965148314656883, -19.342541003052187 ], [ 23.964896659244307, -19.343228822807035 ], [ 23.964765539541016, -19.34364209057447 ], [ 23.96439494672337, -19.34475710110241 ], [ 23.963133745003915, -19.348385555399599 ], [ 23.961891633064443, -19.35237082730896 ], [ 23.960955659290509, -19.355057944657556 ], [ 23.959591846590683, -19.35859352132524 ], [ 23.958332939810258, -19.361919136517372 ], [ 23.95765437493997, -19.363604007843733 ], [ 23.956617904784686, -19.366029591861391 ], [ 23.956087003763077, -19.367398237787111 ], [ 23.955573162556888, -19.368663364832425 ], [ 23.955031073947463, -19.3699399840262 ], [ 23.95409128030828, -19.373026977515043 ], [ 23.952460865342378, -19.376950274514037 ], [ 23.950447989859711, -19.380710276866576 ], [ 23.950129164884427, -19.3811881265651 ], [ 23.949852580902107, -19.381853684707703 ], [ 23.949489416261311, -19.382542946058692 ], [ 23.948463763067505, -19.384895015591582 ], [ 23.947644315121313, -19.386399734696496 ], [ 23.947415863781899, -19.386935543464297 ], [ 23.946283125377761, -19.38943906000987 ], [ 23.945258320501143, -19.391550736842429 ], [ 23.943691058596968, -19.394570813024352 ], [ 23.942481814932876, -19.39674761996233 ], [ 23.940033791035741, -19.400874713648271 ], [ 23.938679465063718, -19.403312046633669 ], [ 23.937894246700143, -19.404667755652483 ], [ 23.937583977194876, -19.405182147953301 ], [ 23.937277252071919, -19.405776405326552 ], [ 23.936535142975966, -19.407153343547616 ], [ 23.936157536409809, -19.407825036849758 ], [ 23.935835365110606, -19.408404033909747 ], [ 23.935668386566029, -19.408745539927839 ], [ 23.935159109727362, -19.409753878984702 ], [ 23.9344811390343, -19.411054220390508 ], [ 23.934144772855692, -19.411686700743353 ], [ 23.931955403254786, -19.415723503682148 ], [ 23.9303865152193, -19.418616860799396 ], [ 23.930060944785421, -19.419206439469924 ], [ 23.928914507302608, -19.421245435371318 ], [ 23.928190828989376, -19.422569084980683 ], [ 23.928079236100594, -19.422771921753327 ], [ 23.926847849334489, -19.424996232381417 ], [ 23.926780820459744, -19.425116861243076 ], [ 23.925544871040223, -19.427332922129256 ], [ 23.924719767620285, -19.428690598745451 ], [ 23.924372616310468, -19.429314335819964 ], [ 23.923625086435397, -19.430657429726676 ], [ 23.923413110901397, -19.431033920810368 ], [ 23.922758613461159, -19.432183132989149 ], [ 23.922162086018663, -19.433292187414356 ], [ 23.921986826056102, -19.433614784514251 ], [ 23.920899986917576, -19.435595498856824 ], [ 23.920563848587072, -19.436196864410629 ], [ 23.920083001768344, -19.437041512056002 ], [ 23.919664808621395, -19.438383124689409 ], [ 23.91727555294014, -19.444411659213447 ], [ 23.916725843785898, -19.445543521777772 ], [ 23.914908768599201, -19.448903607159732 ], [ 23.912799116191938, -19.45210621178871 ], [ 23.910411926049264, -19.455128469307272 ], [ 23.909484968910288, -19.456204122905977 ], [ 23.909261603842619, -19.457162288717303 ], [ 23.9086835623269, -19.45916802177717 ], [ 23.908416356234476, -19.460058804057859 ], [ 23.908063960984524, -19.461188961923966 ], [ 23.907707583171582, -19.462400789928527 ], [ 23.906713971994478, -19.465374348752693 ], [ 23.90608610820281, -19.467048147059902 ], [ 23.905688426073439, -19.468040082632196 ], [ 23.906007431715008, -19.468377366685718 ], [ 23.907036469231652, -19.469525497773795 ], [ 23.910211593010242, -19.473496902780855 ], [ 23.912900992868696, -19.477778782815641 ], [ 23.91507122547722, -19.482317934609778 ], [ 23.915392254309726, -19.483103020195855 ], [ 23.916863543898469, -19.487308236678672 ], [ 23.917888724665339, -19.491630904315727 ], [ 23.918457695640218, -19.496028571770527 ], [ 23.918514969502908, -19.496776301575284 ], [ 23.918584781857234, -19.502155307256245 ], [ 23.917972707516821, -19.507503322039472 ], [ 23.917853113832539, -19.508170725595424 ], [ 23.916621056347566, -19.513239514303709 ], [ 23.914776267157141, -19.518138280756212 ], [ 23.914273132844794, -19.519262928467363 ], [ 23.914231613098735, -19.519379239342381 ], [ 23.913729285039707, -19.52071830593869 ], [ 23.913375409561564, -19.521630124017204 ], [ 23.913099732791991, -19.522317308976515 ], [ 23.912711397530249, -19.523442646289226 ], [ 23.912268529306807, -19.524735384938019 ], [ 23.911809737962635, -19.526009008360791 ], [ 23.911497195297056, -19.526835728194676 ], [ 23.911466375926626, -19.526932247603867 ], [ 23.91106820816368, -19.528119316005519 ], [ 23.910398604580028, -19.530023331272904 ], [ 23.910179279822181, -19.53083322651738 ], [ 23.908870690063797, -19.534389991200499 ], [ 23.908794079154482, -19.534573025473396 ], [ 23.90856694918968, -19.535204716202848 ], [ 23.90776410870517, -19.5372696425318 ], [ 23.907259304832237, -19.538475647208916 ], [ 23.906079446387878, -19.540872898189754 ], [ 23.906064592849066, -19.54090736367904 ], [ 23.905160856522247, -19.542868844236914 ], [ 23.904551358243531, -19.544109812453495 ], [ 23.902011048512069, -19.548595085756325 ], [ 23.901293860577489, -19.549704696758969 ], [ 23.898593837486601, -19.553442590925819 ], [ 23.895508457428431, -19.556902215721514 ], [ 23.892231971994452, -19.559899302770429 ], [ 23.891029348629299, -19.561087502332988 ], [ 23.889934362356144, -19.562120093736542 ], [ 23.889904025678938, -19.562150803341449 ], [ 23.889428703024919, -19.562671711246587 ], [ 23.888877174972112, -19.563733006842718 ], [ 23.88857204508686, -19.564211412837199 ], [ 23.887688610972457, -19.566854210983941 ], [ 23.885977329687091, -19.570689721317457 ], [ 23.885898321315185, -19.57090867728736 ], [ 23.884031024458316, -19.574814063340209 ], [ 23.881777488072032, -19.578531923588091 ], [ 23.88101445883466, -19.579550481394595 ], [ 23.880708310874844, -19.580011654620559 ], [ 23.879535916184686, -19.581692433878619 ], [ 23.878580563703476, -19.582997136244956 ], [ 23.877276491271346, -19.584691745218151 ], [ 23.876486430153339, -19.585669368659513 ], [ 23.873303762894714, -19.58920960058477 ], [ 23.87199913212158, -19.590387206263408 ], [ 23.870460251584689, -19.592433544261606 ], [ 23.868289691508657, -19.594867542913164 ], [ 23.866590389989, -19.598187391980495 ], [ 23.864033867451308, -19.60209842456316 ], [ 23.86106661161914, -19.605739741317162 ], [ 23.860982536317039, -19.605823477472235 ], [ 23.859768776912187, -19.608302677203437 ], [ 23.859405836987367, -19.609256080331143 ], [ 23.857787891132141, -19.612610331086756 ], [ 23.855883631130961, -19.615826798041528 ], [ 23.855199941821528, -19.616877522153821 ], [ 23.853467332449345, -19.619293808397202 ], [ 23.853112719437693, -19.620344096212936 ], [ 23.851366811980583, -19.624215394309527 ], [ 23.849821324182507, -19.626908405871355 ], [ 23.848745578947849, -19.629383245468393 ], [ 23.84709593458647, -19.632474178078354 ], [ 23.845348755913438, -19.63545507782645 ], [ 23.842525579404516, -19.639693045643025 ], [ 23.841195865210295, -19.641461089538726 ], [ 23.838167923177632, -19.645076521793822 ], [ 23.834762554096599, -19.64837691510159 ], [ 23.834433019635302, -19.64863640938583 ], [ 23.83441236087242, -19.648661584218694 ], [ 23.831599822799419, -19.652303535106615 ], [ 23.831454272001199, -19.652490979130214 ], [ 23.828361811179395, -19.656451803329766 ], [ 23.828027791088562, -19.656874365030745 ], [ 23.823859566610299, -19.662082954986943 ], [ 23.820457306769164, -19.666343745532249 ], [ 23.812688598291334, -19.676220721996806 ], [ 23.812606362146365, -19.676324952749148 ], [ 23.811007024685356, -19.678345880621723 ], [ 23.80434283954073, -19.686934700924219 ], [ 23.804273004179944, -19.68702446594865 ], [ 23.802324168078403, -19.689522897651646 ], [ 23.79967724087858, -19.692943631639071 ], [ 23.794974048710909, -19.699031035561909 ], [ 23.794497468957701, -19.699637044454963 ], [ 23.791087488976601, -19.703897361674656 ], [ 23.789208584459693, -19.706450221624223 ], [ 23.786803652261764, -19.709471527393809 ], [ 23.78541194860906, -19.711136128937127 ], [ 23.784091276039575, -19.712640902197073 ], [ 23.783125075059015, -19.713799717201439 ], [ 23.781446961079716, -19.716100508667832 ], [ 23.781012901311389, -19.716685561429117 ], [ 23.779682344140888, -19.718448805298447 ], [ 23.777133653866379, -19.721531420437206 ], [ 23.77430988450779, -19.72439108905316 ], [ 23.771232672278007, -19.727005875089326 ], [ 23.76954125505652, -19.728321163851472 ], [ 23.766225008577901, -19.730676899113725 ], [ 23.762703231215053, -19.732748100463379 ], [ 23.760470424591905, -19.733935879515993 ], [ 23.754560719361827, -19.736587673048785 ], [ 23.753491683868674, -19.736984048571433 ], [ 23.752369288215199, -19.738435409057079 ], [ 23.749823705795013, -19.741445554278311 ], [ 23.749610970826158, -19.741675994146501 ], [ 23.748990486387719, -19.742759923474601 ], [ 23.7474199242629, -19.745407117392844 ], [ 23.747362488300226, -19.745503644717488 ], [ 23.744551728311912, -19.750213675619801 ], [ 23.744394102416468, -19.75047573852445 ], [ 23.74313679610605, -19.752549771746956 ], [ 23.740539998216867, -19.75636974790574 ], [ 23.739365951621771, -19.757917891994499 ], [ 23.736784530396118, -19.761022477035624 ], [ 23.733923625441761, -19.763899211688575 ], [ 23.730805558925244, -19.766525625033726 ], [ 23.727454665604007, -19.768881198615254 ], [ 23.725662103150807, -19.769922380140017 ], [ 23.724316758940528, -19.77138810982332 ], [ 23.721466540495726, -19.774734291522705 ], [ 23.721204763449904, -19.775012490211871 ], [ 23.720530617351539, -19.775880202709274 ], [ 23.717059627981502, -19.779996304115986 ], [ 23.716190180716335, -19.781065885253248 ], [ 23.715265016283798, -19.783040771206387 ], [ 23.713190849123702, -19.786569623390999 ], [ 23.710788759928999, -19.789906981307105 ], [ 23.709693931728605, -19.791289498670491 ], [ 23.707199306353864, -19.79417989799893 ], [ 23.704458650180413, -19.796863332735398 ], [ 23.701491042202385, -19.799321101588607 ], [ 23.699952339193189, -19.800491807511573 ], [ 23.698705403520275, -19.801408473978952 ], [ 23.695796397694682, -19.803474111980684 ], [ 23.693480203227441, -19.80501825322078 ], [ 23.690534023800918, -19.80685978333339 ], [ 23.68903921016858, -19.80790028245864 ], [ 23.687987681403634, -19.808641258705482 ], [ 23.686315121289859, -19.811507687804308 ], [ 23.685045628320996, -19.813447949048005 ], [ 23.683948926858228, -19.815205522000277 ], [ 23.681969760881216, -19.818114125766176 ], [ 23.679124820756677, -19.821959597304353 ], [ 23.677717443477494, -19.823763844260835 ], [ 23.671771150284435, -19.830999606606657 ], [ 23.670521313959377, -19.832456282666822 ], [ 23.66903068731056, -19.834120952996244 ], [ 23.668486888016016, -19.834820296050363 ], [ 23.668410794629622, -19.834933252478628 ], [ 23.665786113261106, -19.839237931141408 ], [ 23.665497344340999, -19.839704974275158 ], [ 23.660739530547513, -19.847294078707048 ], [ 23.658250219645389, -19.85086375903991 ], [ 23.655039811801309, -19.85502038752438 ], [ 23.654569739590407, -19.855618465703163 ], [ 23.652623910192979, -19.858051522876583 ], [ 23.649357325551037, -19.861710856963622 ], [ 23.646372850537926, -19.864712067718269 ], [ 23.642797756563109, -19.868333751845412 ], [ 23.641960346389926, -19.869160573471341 ], [ 23.639031095886299, -19.871979571194114 ], [ 23.637128124156117, -19.873867868284943 ], [ 23.635147966330532, -19.87598842812227 ], [ 23.633914721251973, -19.877350578488297 ], [ 23.631306012089006, -19.880528283140542 ], [ 23.627400583312777, -19.885411461362953 ], [ 23.621097283028359, -19.893436509746802 ], [ 23.619294447534845, -19.895590216301017 ], [ 23.616254722910266, -19.899000755221493 ], [ 23.61368595514254, -19.9016579482841 ], [ 23.612205803095012, -19.903070397674327 ], [ 23.611316415824124, -19.904008772428309 ], [ 23.610562905433383, -19.904785177044978 ], [ 23.607653520582417, -19.907712888672968 ], [ 23.603777187897737, -19.911196069561207 ], [ 23.599945631462795, -19.914268404662362 ], [ 23.599531251817631, -19.914596834189037 ], [ 23.59583527638511, -19.917492266534111 ], [ 23.595161434761987, -19.918010348987316 ], [ 23.591143996717168, -19.921041550197852 ], [ 23.590689113229715, -19.921380465748321 ], [ 23.58687008541575, -19.924190129296161 ], [ 23.583583928438003, -19.926401615644593 ], [ 23.58125010997939, -19.92783445401794 ], [ 23.576367478624125, -19.930456251500985 ], [ 23.573844402790414, -19.931629511997528 ], [ 23.570793394821759, -19.932923658827185 ], [ 23.570089241370468, -19.933194483990327 ], [ 23.568940480777115, -19.933643408290163 ], [ 23.56808771055643, -19.934751219496633 ], [ 23.565424189515685, -19.937958882968683 ], [ 23.563091227658628, -19.940558022561927 ], [ 23.559169897120032, -19.944603440881171 ], [ 23.559068329959825, -19.94470788616546 ], [ 23.558060618693354, -19.945740852629971 ], [ 23.557491916012474, -19.947762378629267 ], [ 23.55682780343335, -19.949575019943744 ], [ 23.55475779750175, -19.954324018080108 ], [ 23.554170881170354, -19.955477630664024 ], [ 23.553800954233783, -19.956242014566566 ], [ 23.551971306952119, -19.9596332810214 ], [ 23.549843281794505, -19.962865189451037 ], [ 23.548486645337739, -19.964742466044978 ], [ 23.54506745881875, -19.968920792778555 ], [ 23.543533872096425, -19.970582053301563 ], [ 23.541849092911185, -19.972313005761567 ], [ 23.541166300538855, -19.972978503488974 ], [ 23.538195347181414, -19.975634281990317 ], [ 23.534992891842034, -19.97803765650346 ], [ 23.533563295820567, -19.979018395788636 ], [ 23.532345696634859, -19.979918284879027 ], [ 23.531981900063826, -19.980184469440939 ], [ 23.529737080685962, -19.981810509603353 ], [ 23.526803053805189, -19.983744600592523 ], [ 23.525912925917087, -19.984856308128091 ], [ 23.522583137393067, -19.988227951557292 ], [ 23.518903682263687, -19.99125754104897 ], [ 23.513685167023144, -19.995125566551433 ], [ 23.51052798527364, -19.997273564520071 ], [ 23.506920239500136, -19.999521202727347 ], [ 23.504137824795016, -20.001127463238451 ], [ 23.497947961447267, -20.004429462941111 ], [ 23.496171191031827, -20.005404363745871 ], [ 23.495866385150691, -20.005599677394986 ], [ 23.492148086246942, -20.007752862463715 ], [ 23.490365886713857, -20.008582219006044 ], [ 23.488550020757835, -20.011825473711234 ], [ 23.485927589782186, -20.015552937696366 ], [ 23.48292412657975, -20.019014075515006 ], [ 23.479569669059156, -20.022174229168989 ], [ 23.478527389023789, -20.023062428500992 ], [ 23.474428737319428, -20.026182784582709 ], [ 23.469988781027936, -20.028853834942179 ], [ 23.465262394329656, -20.03104253780301 ], [ 23.462872193965154, -20.031997530557113 ], [ 23.462659516755412, -20.032082909794472 ], [ 23.459376871445695, -20.033659345729856 ], [ 23.458322481380623, -20.034107907734292 ], [ 23.453996940475907, -20.035711718835859 ], [ 23.449525775587762, -20.036907031120418 ], [ 23.4449520717579, -20.037682311781886 ], [ 23.440319907420978, -20.038030075203352 ], [ 23.435673928702187, -20.037946955789174 ], [ 23.431058918066871, -20.03743374101051 ], [ 23.426519361529941, -20.036495364321528 ], [ 23.422099018651732, -20.035140857995444 ], [ 23.417840499522736, -20.033383266321202 ], [ 23.413784852872542, -20.031239519990041 ], [ 23.409971169328884, -20.0287302728815 ], [ 23.40643620370254, -20.025879702827318 ], [ 23.403214019983686, -20.022715278284828 ], [ 23.400335662508333, -20.019267493185922 ], [ 23.397828856491394, -20.01556957253872 ], [ 23.395717740828836, -20.011657151645686 ], [ 23.394022635749174, -20.007567932058258 ], [ 23.392759847546447, -20.003341317614701 ], [ 23.39194151225848, -19.999018034099663 ], [ 23.391575479767603, -19.99463973622143 ], [ 23.391665239402148, -19.990248605722755 ], [ 23.392209887708713, -19.985886944523504 ], [ 23.393204138652571, -19.981596766837026 ], [ 23.394638376090228, -19.977419394207047 ], [ 23.396498747948897, -19.973395057377886 ], [ 23.398767301145813, -19.969562508838909 ], [ 23.401422155890099, -19.96595864977488 ], [ 23.404437717635258, -19.962618175008647 ], [ 23.407784924593908, -19.959573239343197 ], [ 23.409899934834588, -19.957995617931118 ] ], [ [ 24.043433506156894, -19.164323435121528 ], [ 24.043614529944954, -19.164706566647641 ], [ 24.043683704566146, -19.164817663987552 ], [ 24.043483623031239, -19.164301267178018 ], [ 24.043433506156894, -19.164323435121528 ] ] ] } },
{ "type": "Feature", "properties": { "ID": null, "Name": "Maun-Chanoga", "Distance": "5km", "Type": "road" }, "geometry": { "type": "Polygon", "coordinates": [ [ [ 23.390911118171509, -20.036034889780765 ], [ 23.387886944682737, -20.033048201367304 ], [ 23.382514178129501, -20.027146044708282 ], [ 23.379660091679547, -20.023679959290931 ], [ 23.377179347802393, -20.019966083570537 ], [ 23.375095833816175, -20.016040206555466 ], [ 23.373429603566201, -20.011940159371495 ], [ 23.372196684745099, -20.007705450052427 ], [ 23.371408925274046, -20.003376882199415 ], [ 23.371073880195809, -19.998996161214208 ], [ 23.371194740130072, -19.994605491929498 ], [ 23.371770301933211, -19.990247171538616 ], [ 23.372794981791532, -19.985963181768376 ], [ 23.374258870564013, -19.98179478424084 ], [ 23.376147830781463, -19.97778212293316 ], [ 23.378443634308066, -19.973963837570398 ], [ 23.381124139281766, -19.97037669167414 ], [ 23.384163504576648, -19.967055218842418 ], [ 23.386850087055162, -19.964643855630214 ], [ 23.38694304594593, -19.96446866895166 ], [ 23.389422973825766, -19.960754988123984 ], [ 23.392275830714276, -19.957289021281831 ], [ 23.395474118647808, -19.954104133325696 ], [ 23.398987019985896, -19.951230979042389 ], [ 23.402780694826248, -19.948697208549831 ], [ 23.406818607233575, -19.946527201773851 ], [ 23.411061877128091, -19.944741834485072 ], [ 23.41546965444396, -19.943358278117628 ], [ 23.419999511964964, -19.942389835264638 ], [ 23.424607853076182, -19.941845812401809 ], [ 23.429250330536934, -19.941731431033087 ], [ 23.433882272283334, -19.942047778084692 ], [ 23.438459110208694, -19.942791795999121 ], [ 23.442936807846994, -19.943956312603166 ], [ 23.447272282898883, -19.945530110445855 ], [ 23.451423820590929, -19.947498034928252 ], [ 23.455351473946244, -19.949841140179672 ], [ 23.459017447167653, -19.952536871277918 ], [ 23.459630784532809, -19.953087125822496 ], [ 23.46065631379242, -19.953614540470387 ], [ 23.461896175545835, -19.954193035207556 ], [ 23.462694976963672, -19.954662961686044 ], [ 23.463521440362065, -19.955087973533161 ], [ 23.464665436309147, -19.955822129291025 ], [ 23.465839389071739, -19.956512711481825 ], [ 23.466585652824978, -19.957054383324902 ], [ 23.467364100364424, -19.957553919970369 ], [ 23.468426518126513, -19.958390530158582 ], [ 23.469523264745014, -19.959186552304597 ], [ 23.470209809031772, -19.959794755654919 ], [ 23.470932749212352, -19.960364008783344 ], [ 23.471903363822712, -19.96129502085423 ], [ 23.472912348833152, -19.962188821113852 ], [ 23.473532565607403, -19.962857702061047 ], [ 23.474193040154763, -19.963491192653454 ], [ 23.475062508639184, -19.964507645842502 ], [ 23.475974019659485, -19.965490621652517 ], [ 23.476521938125256, -19.96621374248058 ], [ 23.477113588847022, -19.966905373456282 ], [ 23.477873540024888, -19.967997484875454 ], [ 23.478678801108696, -19.96906017559618 ], [ 23.479149145135484, -19.969830576631903 ], [ 23.47966627505556, -19.970573691420118 ], [ 23.48030939006966, -19.97173095004036 ], [ 23.481000646129775, -19.972863127836323 ], [ 23.481388885039475, -19.973673394308854 ], [ 23.481826513225577, -19.974460840791604 ], [ 23.482346596029334, -19.975672108418994 ], [ 23.482917187520819, -19.976862876508239 ], [ 23.483219579757993, -19.977705209781956 ], [ 23.483573489316012, -19.978529408998902 ], [ 23.483965526438816, -19.979783027281051 ], [ 23.484409953583299, -19.981020924616843 ], [ 23.484623582847181, -19.981887217118615 ], [ 23.484890361619037, -19.982740236078612 ], [ 23.485150570630932, -19.984024138521086 ], [ 23.48546454656012, -19.98529724990772 ], [ 23.485587350046472, -19.986179163033668 ], [ 23.485764423616523, -19.987052790938677 ], [ 23.485890289818474, -19.98835461886236 ], [ 23.486070782118489, -19.989650689454859 ], [ 23.486101570593537, -19.990539733713018 ], [ 23.486187227280059, -19.991425560867182 ], [ 23.486177528256714, -19.992732782200012 ], [ 23.486222788503166, -19.994039335294275 ], [ 23.486161258008323, -19.994926951917506 ], [ 23.486154665591904, -19.995816450567929 ], [ 23.486009483377398, -19.997116480335468 ], [ 23.485919064364353, -19.998420937323697 ], [ 23.485765799429434, -19.999298580572898 ], [ 23.485667013447834, -20.000183186909098 ], [ 23.485387734172551, -20.001463508271179 ], [ 23.48516249465435, -20.002753309615493 ], [ 23.484918962977325, -20.003612528984998 ], [ 23.484728926496178, -20.004483725512404 ], [ 23.484465340638689, -20.005284873190057 ], [ 23.489136324717133, -20.007945922610929 ], [ 23.490373754557677, -20.008675638101504 ], [ 23.493824411389681, -20.010780889418985 ], [ 23.508292298770559, -20.018981781926634 ], [ 23.508483313025522, -20.019090618043368 ], [ 23.525052264754695, -20.028580010483218 ], [ 23.525222921304881, -20.028678198173566 ], [ 23.532472445182623, -20.032868752582974 ], [ 23.539042047211346, -20.036665806425113 ], [ 23.554776201483605, -20.045615008356151 ], [ 23.555431132215158, -20.045994327270375 ], [ 23.562596209641793, -20.050219761530748 ], [ 23.562668999106037, -20.050262770885265 ], [ 23.5690980726155, -20.05406895027728 ], [ 23.584437785671405, -20.062890163040077 ], [ 23.592391166809005, -20.066831145991671 ], [ 23.599361806513969, -20.070210345946542 ], [ 23.617671839946581, -20.078652493050406 ], [ 23.636654515669118, -20.087285114753652 ], [ 23.637055116669458, -20.087469453940493 ], [ 23.653049338923768, -20.094916177717604 ], [ 23.653262389116716, -20.095015983225 ], [ 23.668616408258742, -20.102252970469589 ], [ 23.672287884358305, -20.1039407535539 ], [ 23.684082436491479, -20.104167493081068 ], [ 23.684775654396976, -20.10418559313101 ], [ 23.704109085164301, -20.104823145520651 ], [ 23.71445906861679, -20.105168385621184 ], [ 23.723089318751441, -20.105455797385446 ], [ 23.741365115272455, -20.105922952289433 ], [ 23.742098578206917, -20.105947035835694 ], [ 23.756746747206048, -20.106534773341806 ], [ 23.761649765773655, -20.106973448375463 ], [ 23.766477993764994, -20.10789081611356 ], [ 23.771179217013344, -20.109276939239184 ], [ 23.789504635235456, -20.115684254438925 ], [ 23.7903703020705, -20.11599598894621 ], [ 23.807921377485698, -20.122501419658121 ], [ 23.824600776592455, -20.128497066927249 ], [ 23.840886512454443, -20.134349152239679 ], [ 23.841816572451791, -20.134693945799157 ], [ 23.856792604061656, -20.140417846397575 ], [ 23.862283111490324, -20.14195243510796 ], [ 23.866544613114655, -20.1424173365881 ], [ 23.872095442054377, -20.142598924514353 ], [ 23.887481344829876, -20.142564024291577 ], [ 23.905278296696473, -20.142272501063729 ], [ 23.905449050754733, -20.142269986187937 ], [ 23.92615480987741, -20.141999068813533 ], [ 23.947662563785805, -20.141152001445207 ], [ 23.970435365188216, -20.140066250074032 ], [ 23.992017493443008, -20.13856650907713 ], [ 23.994645164310608, -20.138452966423191 ], [ 24.010780830398581, -20.138178938212949 ], [ 24.013295023900529, -20.13819920422182 ], [ 24.020077092871926, -20.138423975079558 ], [ 24.042314124609931, -20.138746089587478 ], [ 24.064316885445862, -20.138796737925873 ], [ 24.064801891478204, -20.138800170676138 ], [ 24.08718744499938, -20.139065496719564 ], [ 24.109099515647149, -20.139335943673657 ], [ 24.119182473118453, -20.139442505109809 ], [ 24.132289491609946, -20.139580157955184 ], [ 24.154678462145895, -20.139825826689659 ], [ 24.177413474814504, -20.139700653225628 ], [ 24.200859551419715, -20.139277576926599 ], [ 24.201995139767426, -20.139269883643369 ], [ 24.224452413108015, -20.139370841109027 ], [ 24.225361678319789, -20.139383123893616 ], [ 24.24845689296053, -20.139903261539018 ], [ 24.273091806115165, -20.140391985113588 ], [ 24.273279103421288, -20.140396037779592 ], [ 24.294048761770892, -20.140883043595512 ], [ 24.294160928696027, -20.14088579256364 ], [ 24.316659133797206, -20.141460905706786 ], [ 24.337375213387968, -20.141567844960893 ], [ 24.34131562298878, -20.141743324338016 ], [ 24.361450983032178, -20.143435875358115 ], [ 24.380716163413812, -20.144240974576338 ], [ 24.382796902445239, -20.144371273911869 ], [ 24.404089968227382, -20.146149376847141 ], [ 24.426371600674358, -20.147413942905892 ], [ 24.42667307364712, -20.147431945319056 ], [ 24.449696182659498, -20.148874910769425 ], [ 24.450529015392725, -20.148934031587466 ], [ 24.474608772834731, -20.150843740175524 ], [ 24.498132478868349, -20.152529073788369 ], [ 24.520296278394866, -20.153965513587423 ], [ 24.521357051264751, -20.154045528094734 ], [ 24.530270197190077, -20.154813033971941 ], [ 24.536469004053632, -20.155741708288808 ], [ 24.548542635551208, -20.158335908441565 ], [ 24.549091310415204, -20.158457028216926 ], [ 24.571194282452876, -20.163465883122708 ], [ 24.571254109448709, -20.163479474975116 ], [ 24.590434981076712, -20.167848260229913 ], [ 24.5933872422465, -20.168424137394521 ], [ 24.595042748738184, -20.168776418612477 ], [ 24.5986625379158, -20.169611378757494 ], [ 24.598771812174647, -20.169636713297724 ], [ 24.612019592315562, -20.172723286208882 ], [ 24.614378283283173, -20.173334256325038 ], [ 24.62297437785649, -20.175788081429918 ], [ 24.637860128302272, -20.179203644510114 ], [ 24.646967152712847, -20.181276679214818 ], [ 24.650959850735205, -20.18236277123949 ], [ 24.654836097846783, -20.183775707820914 ], [ 24.65971904001751, -20.18579255765971 ], [ 24.666397454959476, -20.188468253073786 ], [ 24.671456495452684, -20.190841162927697 ], [ 24.674260294319968, -20.192359831187787 ], [ 24.676734119504424, -20.193796855445285 ], [ 24.68132794543784, -20.196652542047133 ], [ 24.681505165890105, -20.196731616657221 ], [ 24.682537661436761, -20.197074835810103 ], [ 24.693901403719394, -20.199456099777592 ], [ 24.694151478543318, -20.199509164851769 ], [ 24.71777754489143, -20.204584142372781 ], [ 24.72677032147671, -20.206423083191414 ], [ 24.731633168152914, -20.206497727573655 ], [ 24.73836204201378, -20.206272962981323 ], [ 24.746308108333057, -20.205958753033283 ], [ 24.748227123035672, -20.205919653122994 ], [ 24.750684956130513, -20.205916683393419 ], [ 24.755851337409066, -20.206177733921983 ], [ 24.761827668380299, -20.206790658049901 ], [ 24.76529456105148, -20.207269479836739 ], [ 24.769588651542858, -20.208016905322634 ], [ 24.772146364056525, -20.208386326385636 ], [ 24.775732312635615, -20.20917811254542 ], [ 24.782120996462133, -20.210838890340543 ], [ 24.784139558126899, -20.211276461946174 ], [ 24.787235693645982, -20.21187919342729 ], [ 24.788283854311914, -20.211981445530373 ], [ 24.788719446501528, -20.212003661388511 ], [ 24.792597961821688, -20.211920135608651 ], [ 24.793898018093881, -20.211774491563517 ], [ 24.811753174751999, -20.207317067323906 ], [ 24.816447476569454, -20.206137458544923 ], [ 24.820633273049499, -20.205275302893309 ], [ 24.826987961018347, -20.204248696711321 ], [ 24.831520845241961, -20.203727646222752 ], [ 24.846157228420594, -20.202718958375488 ], [ 24.865490633581196, -20.201359236073976 ], [ 24.88071251480979, -20.200293217790904 ], [ 24.884683788832085, -20.199815428442353 ], [ 24.88586674330946, -20.199657505166758 ], [ 24.88801772131573, -20.199186973109153 ], [ 24.902475133699312, -20.194996596343284 ], [ 24.904150527126529, -20.194542679709098 ], [ 24.914022703894819, -20.19205286800678 ], [ 24.917629116607412, -20.191284591692632 ], [ 24.924760850639252, -20.19003986095619 ], [ 24.929047053171402, -20.189481948082715 ], [ 24.935985547878044, -20.188882792675823 ], [ 24.939170215349701, -20.188709848624612 ], [ 24.953748347770382, -20.188383228045112 ], [ 24.963335514916018, -20.188167769960973 ], [ 24.971052161187508, -20.187921055748408 ], [ 24.977218833788907, -20.187103337002526 ], [ 24.995586379038336, -20.183382581161514 ], [ 24.995840749081857, -20.183331730488458 ], [ 25.000366138988749, -20.182439291045768 ], [ 25.001173240820084, -20.182287032434679 ], [ 25.013089687033325, -20.180140392386882 ], [ 25.016884620600365, -20.179606472046245 ], [ 25.023766926670248, -20.178906502824475 ], [ 25.027271796393684, -20.178674104761804 ], [ 25.033278445175021, -20.178487351152896 ], [ 25.033545356286268, -20.178479761269717 ], [ 25.049918991955458, -20.178057136440401 ], [ 25.052174293024322, -20.177925306287019 ], [ 25.053927789188005, -20.177744286461955 ], [ 25.062610912434572, -20.1756586786626 ], [ 25.06780617973951, -20.174218467740516 ], [ 25.068749899910173, -20.173966860639087 ], [ 25.079342668724433, -20.17125420135411 ], [ 25.081813246750293, -20.17068841039028 ], [ 25.087324736494395, -20.169573582411498 ], [ 25.09171445056651, -20.168888068474946 ], [ 25.097916340480626, -20.168201087366107 ], [ 25.101329286090778, -20.16794103709552 ], [ 25.103991958192193, -20.167829703260175 ], [ 25.107919379124301, -20.167819878275939 ], [ 25.117832976851545, -20.16818449026967 ], [ 25.164837871556998, -20.168476191412964 ], [ 25.169461213906811, -20.168718727285349 ], [ 25.174037094135109, -20.169387863610915 ], [ 25.178521486323557, -20.170477146206618 ], [ 25.182871245765966, -20.171976079250165 ], [ 25.187044522849384, -20.173870226571964 ], [ 25.191001164518834, -20.176141350710715 ], [ 25.194703099519316, -20.178767588391917 ], [ 25.198114703760751, -20.181723660745444 ], [ 25.201203142336364, -20.184981116249887 ], [ 25.203938684941697, -20.188508604083488 ], [ 25.206294991687514, -20.192272175273633 ], [ 25.208249366573973, -20.196235608774494 ], [ 25.209782976192862, -20.200360759365655 ], [ 25.210881031547355, -20.204607924057125 ], [ 25.211532931221736, -20.208936223508697 ], [ 25.211732364494175, -20.213303994826816 ], [ 25.211477373360996, -20.217669191990598 ], [ 25.210770372827259, -20.221989790082276 ], [ 25.209618129213414, -20.226224189456019 ], [ 25.208031696626673, -20.230331615974496 ], [ 25.206026312145983, -20.234272513473979 ], [ 25.203621250666536, -20.238008924686682 ], [ 25.200839640740398, -20.241504856953146 ], [ 25.197708243129831, -20.244726629196251 ], [ 25.194257194155682, -20.247643196802262 ], [ 25.190519716270991, -20.250226451260154 ], [ 25.186531798615707, -20.252451491647836 ], [ 25.182331850609277, -20.254296865320338 ], [ 25.177960331909745, -20.255744775447866 ], [ 25.173459362308197, -20.256781253368672 ], [ 25.168872315333196, -20.257396294059635 ], [ 25.164243399508383, -20.257583953383367 ], [ 25.116450990291998, -20.257298990946715 ], [ 25.114931883655121, -20.257266640013562 ], [ 25.106691459491977, -20.256965661222583 ], [ 25.104941360575957, -20.257159952553199 ], [ 25.102850067855499, -20.257583496198734 ], [ 25.093954321293442, -20.259863910937383 ], [ 25.088402447689219, -20.261404452519443 ], [ 25.08674345006359, -20.26183393640699 ], [ 25.074010534669156, -20.264895511462328 ], [ 25.067502254690773, -20.266008975683128 ], [ 25.061347328285972, -20.266645925757185 ], [ 25.059133050284036, -20.266825380572417 ], [ 25.054955265122366, -20.267070611022113 ], [ 25.053330283247995, -20.267139484583829 ], [ 25.036267717912683, -20.267584091597495 ], [ 25.032149178643404, -20.267713162792067 ], [ 25.028922006730696, -20.268042177791948 ], [ 25.019291396769393, -20.269779427672091 ], [ 25.015294343934364, -20.27056868563324 ], [ 24.995388416260074, -20.274606028003646 ], [ 24.992052127455029, -20.275165179783265 ], [ 24.981730252544299, -20.27653640899047 ], [ 24.976760582367689, -20.276945421558622 ], [ 24.966307175391435, -20.277282229531757 ], [ 24.965834995664871, -20.277295198524676 ], [ 24.956006297196875, -20.277518463419678 ], [ 24.943016167302723, -20.277812696474015 ], [ 24.939821849791489, -20.278089313106545 ], [ 24.936637343147524, -20.278645907781172 ], [ 24.929391733267753, -20.280475151010979 ], [ 24.914178136114131, -20.284888664200622 ], [ 24.910978704264224, -20.285701971302942 ], [ 24.905203536893907, -20.286966763546836 ], [ 24.901153674677651, -20.287679645486953 ], [ 24.897608051467412, -20.288153865819098 ], [ 24.896966182278813, -20.288235477382209 ], [ 24.891437274854145, -20.288901997430184 ], [ 24.888961897863673, -20.289138055836297 ], [ 24.872520334163859, -20.290293498576421 ], [ 24.853153590969512, -20.291660210299604 ], [ 24.853088212180023, -20.291664777418919 ], [ 24.84069217336021, -20.292522119710611 ], [ 24.838703255617816, -20.292843917953324 ], [ 24.836044535835569, -20.293512682985785 ], [ 24.835973350840462, -20.293530531990463 ], [ 24.817891978160354, -20.298049067427755 ], [ 24.815774649778831, -20.298608798504251 ], [ 24.812219708594462, -20.299410064656172 ], [ 24.808609713292476, -20.29994973636207 ], [ 24.80151299618635, -20.300746507354603 ], [ 24.797020955115716, -20.301046899237861 ], [ 24.789071527881209, -20.301219990081776 ], [ 24.785443543330583, -20.301167459244944 ], [ 24.782038041095014, -20.300994587040154 ], [ 24.779729050525034, -20.300823733546441 ], [ 24.775165716728139, -20.300379627065244 ], [ 24.770477546818579, -20.299697517254017 ], [ 24.764536408846869, -20.298542381832316 ], [ 24.763504801056552, -20.298330425246462 ], [ 24.759980311718643, -20.297567230673813 ], [ 24.758010870508045, -20.297098492817174 ], [ 24.753498402366343, -20.295926564573371 ], [ 24.753467368363985, -20.295922216101342 ], [ 24.749885129396272, -20.295299573276516 ], [ 24.748521329875782, -20.295160031056398 ], [ 24.742176498607094, -20.295412388377684 ], [ 24.741871811319896, -20.295423572540557 ], [ 24.733767647745818, -20.295696164183539 ], [ 24.731328799617554, -20.295718732493153 ], [ 24.723215006970271, -20.295596077775429 ], [ 24.719448982362028, -20.295397043727174 ], [ 24.71504379532691, -20.294997308911753 ], [ 24.709570777326167, -20.294192983749909 ], [ 24.697528727109116, -20.291733422018435 ], [ 24.697053479287259, -20.291633913746512 ], [ 24.673299692655043, -20.286537076897606 ], [ 24.659278706755504, -20.28360211700419 ], [ 24.653822408374808, -20.28213046956769 ], [ 24.64781007513416, -20.280133223528253 ], [ 24.643309592809796, -20.278387548195496 ], [ 24.637915823982041, -20.275981963448846 ], [ 24.632117868486556, -20.272907625574167 ], [ 24.626533057035012, -20.269436890387109 ], [ 24.622546872242623, -20.267840624205704 ], [ 24.622068275228902, -20.267646016460485 ], [ 24.620763759296111, -20.267107499088869 ], [ 24.615664678712175, -20.265947899478515 ], [ 24.615584862899226, -20.265929677592577 ], [ 24.599382974051615, -20.26221579743288 ], [ 24.59686877556916, -20.261569583984627 ], [ 24.588191157342759, -20.259094540749331 ], [ 24.57617789826099, -20.256298314921981 ], [ 24.573435381701415, -20.255666350380512 ], [ 24.570550963351767, -20.25510435875238 ], [ 24.569032778398896, -20.254783877011622 ], [ 24.549113058065892, -20.25025144437576 ], [ 24.527299788006779, -20.245313268059299 ], [ 24.518561891229997, -20.243437893235633 ], [ 24.513307533569165, -20.242986614831462 ], [ 24.491494935178086, -20.241577917936006 ], [ 24.491162237725753, -20.241555296573232 ], [ 24.467271194613993, -20.239849138322178 ], [ 24.466898229252401, -20.239821074955117 ], [ 24.44303355053971, -20.23793394328619 ], [ 24.420564093969162, -20.236530800963131 ], [ 24.397757913575969, -20.235241614498808 ], [ 24.396435640179117, -20.235149202200127 ], [ 24.375508421632656, -20.233406526648771 ], [ 24.356224186496114, -20.232604891465407 ], [ 24.354127361156227, -20.232473495690211 ], [ 24.334900196571216, -20.230861825577239 ], [ 24.315639565942902, -20.230766615049777 ], [ 24.314624412599013, -20.230751253921095 ], [ 24.291661428094752, -20.230169478005621 ], [ 24.271029235610666, -20.229690341280524 ], [ 24.246409770247102, -20.229207440237769 ], [ 24.246282470027904, -20.229204772279036 ], [ 24.223564724224516, -20.228698258054397 ], [ 24.202117437901435, -20.228606639621891 ], [ 24.17891526359719, -20.229030429234736 ], [ 24.178293783002388, -20.22903788480318 ], [ 24.154825198105708, -20.229172307981518 ], [ 24.154005998123928, -20.229170250366373 ], [ 24.131237435924866, -20.228925486515166 ], [ 24.118137205248239, -20.228790803456608 ], [ 24.108006234316921, -20.228685972489444 ], [ 24.107922004192012, -20.228685027641571 ], [ 24.08600147753042, -20.228419308830052 ], [ 24.063860901945382, -20.228161774397197 ], [ 24.041785834435323, -20.22811577193503 ], [ 24.041181652320113, -20.228110833629433 ], [ 24.018164288799582, -20.227782446149909 ], [ 24.017234238160825, -20.227760482892172 ], [ 24.011240759067267, -20.227563188746622 ], [ 23.997670190832263, -20.22779662177788 ], [ 23.976849137394861, -20.229247923995054 ], [ 23.975768236003098, -20.229311476938445 ], [ 23.952237863457494, -20.230438496400989 ], [ 23.951829704728823, -20.23045635165278 ], [ 23.929450481581171, -20.231342572265767 ], [ 23.928139458275108, -20.231377242274636 ], [ 23.906851424649041, -20.231660429719764 ], [ 23.88877831177571, -20.231960356008255 ], [ 23.888075545619255, -20.231967057725878 ], [ 23.871453866738204, -20.232008316573641 ], [ 23.869703546974719, -20.231982033133463 ], [ 23.861371822116279, -20.231711239288657 ], [ 23.857577858040948, -20.231443481021049 ], [ 23.847349387447174, -20.230329755165414 ], [ 23.843311755452518, -20.229722267771489 ], [ 23.839344680112532, -20.22878826682539 ], [ 23.827720547085118, -20.225541851021813 ], [ 23.823396742197307, -20.224116047236031 ], [ 23.806749462775283, -20.217756851245486 ], [ 23.790921581711181, -20.212072422996574 ], [ 23.774006785668323, -20.205995517007302 ], [ 23.77355722521089, -20.20583149537222 ], [ 23.756202359868528, -20.199402265628937 ], [ 23.745292430972974, -20.195590189724435 ], [ 23.738451609708839, -20.195317020834761 ], [ 23.720340163587419, -20.194857876302418 ], [ 23.719956493392974, -20.194846660110557 ], [ 23.711129399241536, -20.194554566280875 ], [ 23.700808397662243, -20.194212470804313 ], [ 23.681821893619677, -20.193590385436632 ], [ 23.663506928231701, -20.193241768856495 ], [ 23.65752744457447, -20.192768680834121 ], [ 23.652643661232762, -20.192085894618398 ], [ 23.647911691589918, -20.19118955631982 ], [ 23.643300898084423, -20.189843183597851 ], [ 23.638859178336247, -20.188060748246983 ], [ 23.626956652374645, -20.182591693339141 ], [ 23.626538786525277, -20.182397258878698 ], [ 23.611073753744762, -20.175110642960629 ], [ 23.59537676606514, -20.167805045760353 ], [ 23.576471738771406, -20.159211039226538 ], [ 23.57624811225114, -20.159108677097105 ], [ 23.557390733380622, -20.150417424469637 ], [ 23.556545255492782, -20.150017751152035 ], [ 23.548962649818012, -20.146343165093995 ], [ 23.548588940200293, -20.146160061563947 ], [ 23.539109503097436, -20.141464403847305 ], [ 23.536486673753618, -20.14006278460975 ], [ 23.51958990813403, -20.130348598101826 ], [ 23.519070028280073, -20.130045299989135 ], [ 23.512415026920088, -20.126106243662033 ], [ 23.505608580220478, -20.122093206711192 ], [ 23.490052885545932, -20.113247626284416 ], [ 23.489768940029755, -20.11308485328961 ], [ 23.483054604025472, -20.109205060234114 ], [ 23.475886605502499, -20.105062602346742 ], [ 23.459489620632894, -20.095673942867396 ], [ 23.444441232294388, -20.087146022514339 ], [ 23.443118084114044, -20.086367815416796 ], [ 23.439623931195047, -20.084236477828277 ], [ 23.430267614721764, -20.078907163512476 ], [ 23.430049414574409, -20.078782106912065 ], [ 23.420285372365786, -20.073151428134352 ], [ 23.418339028421389, -20.071966228403173 ], [ 23.416229748058957, -20.07061167898463 ], [ 23.412923378528134, -20.068488274140289 ], [ 23.409502520145015, -20.066071114981778 ], [ 23.406326162082788, -20.063372468198917 ], [ 23.403420155164294, -20.060414297606357 ], [ 23.400808145788542, -20.05722067993376 ], [ 23.399392413988426, -20.05531809834655 ], [ 23.396671200831481, -20.051203594819842 ], [ 23.394437508613652, -20.046834820398626 ], [ 23.392717574753465, -20.042263155875144 ], [ 23.39181082636826, -20.03936347957335 ], [ 23.391051414241186, -20.036617175401577 ], [ 23.390911118171509, -20.036034889780765 ] ] ] } },
{ "type": "Feature", "properties": { "ID": 0.0, "Name": "Maun-Mababe", "Distance": "10km", "Type": "road" }, "geometry": { "type": "Polygon", "coordinates": [ [ [ 23.377191751884521, -19.925460482597902 ], [ 23.37833168788319, -19.923978851989265 ], [ 23.385350602214114, -19.91669648172363 ], [ 23.389711238335071, -19.912644250073061 ], [ 23.394645959075028, -19.908371802594697 ], [ 23.401178460342635, -19.90310464421135 ], [ 23.407753688028318, -19.898258885748298 ], [ 23.414753790275206, -19.893979118601056 ], [ 23.415127122846858, -19.893772318468198 ], [ 23.4156775691417, -19.893446543908343 ], [ 23.424669539610569, -19.888759368759466 ], [ 23.425640113065022, -19.887614845147294 ], [ 23.431600428446984, -19.881922415407733 ], [ 23.434649923326944, -19.876729127849821 ], [ 23.435327259908554, -19.875681515275346 ], [ 23.440368694772094, -19.86865582902816 ], [ 23.446090822308445, -19.862113784080346 ], [ 23.446943790495961, -19.86122773231649 ], [ 23.449033690602494, -19.859125824251752 ], [ 23.450342799784679, -19.857850986352471 ], [ 23.452755344370242, -19.855747852312309 ], [ 23.453023235058435, -19.855480888912112 ], [ 23.454705972267064, -19.853757942357596 ], [ 23.455180069460123, -19.853269409807559 ], [ 23.455575484019977, -19.852715093858865 ], [ 23.457657251091494, -19.849913809383349 ], [ 23.460552911997894, -19.846171463312686 ], [ 23.464916791405418, -19.840950385927201 ], [ 23.46631382716086, -19.839400972306848 ], [ 23.469191990274201, -19.836352627277719 ], [ 23.470374899630531, -19.835155910482761 ], [ 23.476851499208902, -19.829200673288248 ], [ 23.483898310371398, -19.823857070263383 ], [ 23.485132586782367, -19.823009368985584 ], [ 23.488918885815451, -19.820539600594927 ], [ 23.490291663418837, -19.819689962216184 ], [ 23.497193146490368, -19.815803892961945 ], [ 23.504417762386332, -19.812485879949683 ], [ 23.509314429983611, -19.810705062966846 ], [ 23.509514418109728, -19.810504632424376 ], [ 23.513711743842865, -19.805167869042073 ], [ 23.514206048102992, -19.804545034743246 ], [ 23.518419738760379, -19.799283364373466 ], [ 23.519147328657414, -19.798386611195777 ], [ 23.522637571313471, -19.794140571556305 ], [ 23.525505127586914, -19.790819320082246 ], [ 23.527712865665695, -19.788383743481582 ], [ 23.528664105384603, -19.787350432866027 ], [ 23.53148044200994, -19.784337925517399 ], [ 23.533910533762374, -19.78183587793194 ], [ 23.536684626668084, -19.779086237212372 ], [ 23.537692714090973, -19.778102212425818 ], [ 23.540028394118806, -19.775856904547698 ], [ 23.541740971715495, -19.774123962793343 ], [ 23.543293299205494, -19.771651849972681 ], [ 23.546158442907767, -19.766960598249728 ], [ 23.548328885399016, -19.763581312439744 ], [ 23.549817959181208, -19.761374230760385 ], [ 23.553394193140129, -19.75644467501801 ], [ 23.555838129534347, -19.753305934631971 ], [ 23.559860606539008, -19.748494283397825 ], [ 23.561118406442628, -19.747091341266035 ], [ 23.562900351893756, -19.744925798417775 ], [ 23.562928152829734, -19.744865944533384 ], [ 23.568523263076756, -19.735850207577855 ], [ 23.570645567733155, -19.732847032895176 ], [ 23.574286288048906, -19.728046056901348 ], [ 23.576550357717277, -19.725259437773001 ], [ 23.581367592485641, -19.719794522904433 ], [ 23.583325803150814, -19.71774453804731 ], [ 23.583330327669046, -19.717740245058447 ], [ 23.583950955492149, -19.717038152639283 ], [ 23.589580622419113, -19.711809544204936 ], [ 23.589875102086548, -19.71153010986853 ], [ 23.58991458204391, -19.711499363625759 ], [ 23.590570111026405, -19.71089050650119 ], [ 23.593872434870043, -19.708110792191739 ], [ 23.600277489522934, -19.703176237484879 ], [ 23.601325031303521, -19.702438795691123 ], [ 23.602077084116406, -19.701456502181824 ], [ 23.603067211289201, -19.70024008431869 ], [ 23.605047509851307, -19.697807128782657 ], [ 23.60608767150806, -19.696552474273354 ], [ 23.609824516139312, -19.692126712133724 ], [ 23.609826229449826, -19.692128009826263 ], [ 23.611754394020512, -19.689698348652932 ], [ 23.612576724285969, -19.688849994899137 ], [ 23.614597135504653, -19.686480955920526 ], [ 23.616829425290117, -19.683959704582445 ], [ 23.621028827665306, -19.67938989514121 ], [ 23.62276127764834, -19.677234313680259 ], [ 23.629030998275919, -19.670837295565363 ], [ 23.629175198049165, -19.670703854571318 ], [ 23.629582278934894, -19.670055099694672 ], [ 23.633971678913884, -19.663691662255221 ], [ 23.637317712674065, -19.659639080884791 ], [ 23.638126335826257, -19.658252155918163 ], [ 23.642533107795735, -19.651999331342431 ], [ 23.6440756176187, -19.649998088749964 ], [ 23.646727648724479, -19.646719004351556 ], [ 23.648267325502314, -19.644903638100697 ], [ 23.653745234928245, -19.638996334926468 ], [ 23.659749120975111, -19.6335675961734 ], [ 23.666232553150923, -19.628659317376094 ], [ 23.667008287701599, -19.628123202817214 ], [ 23.673708136724404, -19.623895185699208 ], [ 23.680041277154185, -19.620599058646416 ], [ 23.681201884222205, -19.619150930639123 ], [ 23.685448531045203, -19.613661868961088 ], [ 23.688204182609187, -19.610105402624669 ], [ 23.688419594440923, -19.609828505703213 ], [ 23.690354279103421, -19.607351552870234 ], [ 23.697087747394534, -19.598685144465403 ], [ 23.697621503347044, -19.598004906628052 ], [ 23.699274155242193, -19.595919387914083 ], [ 23.707070828525094, -19.586020078729764 ], [ 23.707483830202026, -19.58549963089061 ], [ 23.711008392077769, -19.581091500265256 ], [ 23.711070095786255, -19.581014412876979 ], [ 23.714920620895839, -19.576209164010503 ], [ 23.717538145496619, -19.572861135909655 ], [ 23.720615498463498, -19.568881660418832 ], [ 23.722276501291379, -19.566798157471339 ], [ 23.722497706509177, -19.566528945096564 ], [ 23.723426415155394, -19.564133413926005 ], [ 23.727181259929193, -19.556664361006916 ], [ 23.731647872382688, -19.549556228877023 ], [ 23.732016524356396, -19.549076685582257 ], [ 23.732389963318155, -19.548212971115401 ], [ 23.733175155852813, -19.546666673400352 ], [ 23.73366743926459, -19.545506826344067 ], [ 23.734134727928254, -19.544584459060811 ], [ 23.734214112485358, -19.544620604389447 ], [ 23.737268836100544, -19.538604601629352 ], [ 23.742240867159531, -19.531216836677203 ], [ 23.742879026758892, -19.529998300685325 ], [ 23.743151414137213, -19.529494920028451 ], [ 23.748013304852126, -19.521544160236175 ], [ 23.753709682316796, -19.514108495563764 ], [ 23.757512000506459, -19.510087935410972 ], [ 23.760709244642403, -19.503782295671218 ], [ 23.765556250919818, -19.496380448940254 ], [ 23.765438293148684, -19.495939650184965 ], [ 23.765324309260993, -19.495386108580561 ], [ 23.764667494612876, -19.492946838343894 ], [ 23.764431909351128, -19.491993508262269 ], [ 23.762761470266835, -19.48333395599882 ], [ 23.761997192517498, -19.474560559897224 ], [ 23.762146343348476, -19.465758403375581 ], [ 23.763207325088636, -19.457012835230458 ], [ 23.763367256630882, -19.456095071971891 ], [ 23.763524756959654, -19.455395494735331 ], [ 23.763579908669108, -19.454872372392771 ], [ 23.763737019237702, -19.453788226996782 ], [ 23.764581275268835, -19.448949895858927 ], [ 23.764905346487129, -19.447363943397747 ], [ 23.767273744252954, -19.438323109167026 ], [ 23.768028915425091, -19.435971311043524 ], [ 23.76930084989532, -19.432320506564913 ], [ 23.769393611828789, -19.43203529918582 ], [ 23.769638881201487, -19.431304496606639 ], [ 23.77168226544924, -19.425047129978758 ], [ 23.771934886124885, -19.424375438801249 ], [ 23.77213057945885, -19.423247589904584 ], [ 23.772806799787286, -19.419778687251039 ], [ 23.773050835269093, -19.418651615071948 ], [ 23.773712205134828, -19.415829346145916 ], [ 23.774123148662028, -19.414200465619899 ], [ 23.774392774864452, -19.413159336290811 ], [ 23.774681344730528, -19.412073194193297 ], [ 23.77567281695481, -19.408632431272792 ], [ 23.775880745511774, -19.407963575718512 ], [ 23.779721546887806, -19.397880176651206 ], [ 23.780101983656007, -19.397042279389215 ], [ 23.78431472646631, -19.3889213251474 ], [ 23.789370656982129, -19.381246133380483 ], [ 23.795217845148017, -19.374095296782812 ], [ 23.795360361520398, -19.373938117172841 ], [ 23.79588776580119, -19.373013316278712 ], [ 23.796467608458293, -19.371958493469556 ], [ 23.797143402899835, -19.370704381510365 ], [ 23.798176207606524, -19.368842108315565 ], [ 23.798881496330161, -19.367605887209336 ], [ 23.799419751600198, -19.366640527273773 ], [ 23.800168417395987, -19.36529777928288 ], [ 23.800990184872145, -19.363856027086886 ], [ 23.802204965454226, -19.361770623536763 ], [ 23.802875875251257, -19.360560903087695 ], [ 23.803614929165278, -19.359211584918647 ], [ 23.80412210573418, -19.358298521024398 ], [ 23.805067827902906, -19.356619492937799 ], [ 23.80631890762367, -19.354316459212111 ], [ 23.808063756292839, -19.351105170368299 ], [ 23.808179769943489, -19.350868373686122 ], [ 23.810332940402549, -19.346753381604124 ], [ 23.810820660777189, -19.345878437590105 ], [ 23.811791374023102, -19.344047916672739 ], [ 23.814218484814589, -19.339765026061539 ], [ 23.814472982584679, -19.339343803394776 ], [ 23.815369759015816, -19.337732782363698 ], [ 23.816608751906497, -19.33557902602762 ], [ 23.817729600328953, -19.333692616555968 ], [ 23.819667551409395, -19.329380720172388 ], [ 23.82027164512273, -19.328282492005222 ], [ 23.820528257212736, -19.327690453836912 ], [ 23.820646597510677, -19.327400340660361 ], [ 23.820702121908756, -19.327289323655787 ], [ 23.820737773298973, -19.327207070786503 ], [ 23.820824362149185, -19.327044912851747 ], [ 23.821735384010768, -19.325223374800466 ], [ 23.823548116247775, -19.320822762993284 ], [ 23.823901838664739, -19.32002683461964 ], [ 23.824024283860066, -19.319739137374139 ], [ 23.824326981640294, -19.318960731017739 ], [ 23.825434717082324, -19.316248704703479 ], [ 23.826046050840304, -19.314821304792904 ], [ 23.826711990116753, -19.313066585307119 ], [ 23.826906354241931, -19.312559249462151 ], [ 23.827294333306458, -19.311555968250062 ], [ 23.827899436304854, -19.309620436570867 ], [ 23.828774875479247, -19.306971621247612 ], [ 23.829882247690502, -19.303794527701626 ], [ 23.829941720961745, -19.303607639998834 ], [ 23.829944680990867, -19.303598994369899 ], [ 23.829956660169749, -19.30353370036207 ], [ 23.830069438224811, -19.302477438115258 ], [ 23.830029412019719, -19.302473594565708 ], [ 23.830218078727796, -19.30070247461801 ], [ 23.830401495608889, -19.299121290967655 ], [ 23.831106097750617, -19.293506753667131 ], [ 23.831984336465336, -19.287983470017497 ], [ 23.832221066580601, -19.286755812825223 ], [ 23.832353755874333, -19.285947474761581 ], [ 23.832379677487165, -19.285795344326257 ], [ 23.832392641774941, -19.285701746319813 ], [ 23.832617204760833, -19.28418649483752 ], [ 23.832743789418927, -19.283183047919259 ], [ 23.83341394337474, -19.278976924701389 ], [ 23.833632003477202, -19.277262231860579 ], [ 23.83409931984659, -19.274103162275011 ], [ 23.834365579095838, -19.272146400212598 ], [ 23.835036744426521, -19.267166042532413 ], [ 23.83518522296535, -19.265478356999704 ], [ 23.835233868258904, -19.264944709806386 ], [ 23.835558146101235, -19.26150730094049 ], [ 23.835731494457857, -19.25984475382052 ], [ 23.835873775669238, -19.258598990157854 ], [ 23.835970876256606, -19.257666439532102 ], [ 23.836086753162611, -19.256969778913152 ], [ 23.836165201930445, -19.255646690583735 ], [ 23.836258616292422, -19.254709138043502 ], [ 23.836358666928998, -19.254718129749538 ], [ 23.837170085066781, -19.247607749616751 ], [ 23.839575197389518, -19.237551613928549 ], [ 23.839944471380392, -19.236336775857115 ], [ 23.842943234088921, -19.228026890878706 ], [ 23.846785784621773, -19.220036694472618 ], [ 23.847528832217485, -19.218673079976067 ], [ 23.851297426130436, -19.212392623253614 ], [ 23.852014756751721, -19.211394320599894 ], [ 23.855378151531188, -19.206228089299266 ], [ 23.856607361630147, -19.204492915392493 ], [ 23.864683484187612, -19.1946515840615 ], [ 23.866081161803987, -19.193173808381456 ], [ 23.868456870165502, -19.190753533383706 ], [ 23.870286853932548, -19.188957014717502 ], [ 23.876055182783105, -19.183753221431708 ], [ 23.882265071439114, -19.179030836885936 ], [ 23.884349287485524, -19.177703676037837 ], [ 23.88744593112683, -19.175542266184287 ], [ 23.888528462571159, -19.1748493591741 ], [ 23.894431594589978, -19.171471947118732 ], [ 23.89880461763526, -19.167188104489213 ], [ 23.89908056587694, -19.166944156320152 ], [ 23.909690717150589, -19.158841834739224 ], [ 23.910023115058312, -19.158623616565091 ], [ 23.910418330527442, -19.158389491286819 ], [ 23.911307644703157, -19.155287792566785 ], [ 23.914595793914351, -19.147090246476928 ], [ 23.918713350044865, -19.13923853192269 ], [ 23.923620522144585, -19.131808244700345 ], [ 23.929269933041002, -19.124870905250656 ], [ 23.935607080108419, -19.118493271308356 ], [ 23.942570863788887, -19.112736696999907 ], [ 23.950094178639482, -19.107656544485693 ], [ 23.958104561116386, -19.103301653717558 ], [ 23.966524887801476, -19.099713875308364 ], [ 23.975274117334546, -19.096927670890555 ], [ 23.984268068937418, -19.094969784684707 ], [ 23.993420230106238, -19.09385898931086 ], [ 24.002642585807141, -19.093605908163077 ], [ 24.011846461339022, -19.094212915938339 ], [ 24.020943370925778, -19.095674118169356 ], [ 24.02984586406852, -19.097975409866656 ], [ 24.038468361726284, -19.101094612632586 ], [ 24.046727974499529, -19.105001688876438 ], [ 24.054545295163852, -19.109659031041922 ], [ 24.061845158139572, -19.115021823061099 ], [ 24.068557358784211, -19.121038470579123 ], [ 24.074617325757348, -19.12765109585677 ], [ 24.07996674012783, -19.134796092658185 ], [ 24.084554095369093, -19.142404735874077 ], [ 24.085360871854025, -19.144111623056851 ], [ 24.085559074715785, -19.144429846321689 ], [ 24.08537883253447, -19.143979158785292 ], [ 24.085729922498079, -19.144645744196634 ], [ 24.085903835784706, -19.144983370190907 ], [ 24.086001478634483, -19.14514013747209 ], [ 24.086399570679884, -19.145945750739678 ], [ 24.086461897020026, -19.146066744831874 ], [ 24.086927102808907, -19.146990457633841 ], [ 24.087050746344914, -19.147263497100109 ], [ 24.088584524898646, -19.150367175048579 ], [ 24.090126689960755, -19.153428659138161 ], [ 24.093208206230095, -19.161420983590872 ], [ 24.095475924838045, -19.169655546706316 ], [ 24.096909179942166, -19.178057706633229 ], [ 24.097494857268483, -19.186551293841724 ], [ 24.097499839690609, -19.186817349800727 ], [ 24.097188498351528, -19.195844302755582 ], [ 24.095919745893202, -19.204795325617138 ], [ 24.09370637197862, -19.213579011943896 ], [ 24.090570815721378, -19.222105645724969 ], [ 24.090151422510477, -19.223084182272519 ], [ 24.088791180564371, -19.226098299415167 ], [ 24.088786588515401, -19.226107980184544 ], [ 24.088641041121811, -19.226480648404088 ], [ 24.08795253734564, -19.228039501912434 ], [ 24.087371550668912, -19.229356995539739 ], [ 24.084771468837705, -19.234744020987943 ], [ 24.083394766582316, -19.2377160909125 ], [ 24.08174396163972, -19.24083135065354 ], [ 24.080229936805289, -19.243513492163469 ], [ 24.080233547241921, -19.243515318096513 ], [ 24.080118529705764, -19.243720482110898 ], [ 24.079287435730464, -19.245362390474561 ], [ 24.078232299519097, -19.247066309570481 ], [ 24.076779074790238, -19.249704126809259 ], [ 24.07203959002959, -19.256653611902632 ], [ 24.07132863762876, -19.257597164697749 ], [ 24.066359796564655, -19.263627652282803 ], [ 24.065409078010916, -19.264597393833149 ], [ 24.0652761930317, -19.264833388364128 ], [ 24.064358013011159, -19.266733178108218 ], [ 24.059235276126714, -19.274907978037685 ], [ 24.05322602954497, -19.282519380097707 ], [ 24.046398238745049, -19.289481069426859 ], [ 24.038829181099626, -19.295714074263 ], [ 24.038497351220627, -19.295959193500558 ], [ 24.029966339049214, -19.301572218514082 ], [ 24.029212568621411, -19.301959156164372 ], [ 24.025922266437991, -19.304000477495393 ], [ 24.024673921634157, -19.304713402972538 ], [ 24.02250773886594, -19.305833155130184 ], [ 24.022177865755342, -19.30618638422904 ], [ 24.019075702197608, -19.309150115105403 ], [ 24.019060056541548, -19.309261253975237 ], [ 24.018989205634284, -19.309713430162134 ], [ 24.018906002345069, -19.310319490795251 ], [ 24.018504544208124, -19.312940199725265 ], [ 24.018343902724055, -19.313889857715377 ], [ 24.018227956439063, -19.31462982599859 ], [ 24.017765945299676, -19.317283629462896 ], [ 24.017505125476671, -19.319382363578178 ], [ 24.017401983250277, -19.320361781053517 ], [ 24.017083680808216, -19.322675151939727 ], [ 24.017087935284007, -19.322792767581621 ], [ 24.01626428442264, -19.332796885074369 ], [ 24.014264526233124, -19.342650366375576 ], [ 24.013752471394863, -19.344582249264 ], [ 24.012273165300723, -19.34955184682698 ], [ 24.011961900163165, -19.350492720186683 ], [ 24.01085618044258, -19.353630562698829 ], [ 24.010386396669745, -19.354885970492568 ], [ 24.0102951800088, -19.355102601263248 ], [ 24.010259405568561, -19.355214864371167 ], [ 24.010264914060208, -19.355216437239864 ], [ 24.009850824142021, -19.356522898156467 ], [ 24.009646162502282, -19.357139263997109 ], [ 24.009628006725855, -19.35719623788933 ], [ 24.009619691023129, -19.357218986278969 ], [ 24.009110364356083, -19.358752884466263 ], [ 24.008079173621958, -19.361722350080036 ], [ 24.007045528858431, -19.365042159032065 ], [ 24.005175327033474, -19.370416338215392 ], [ 24.003861486770958, -19.373825225465726 ], [ 24.002651679507874, -19.377023865721238 ], [ 24.001295633089157, -19.380393633348277 ], [ 24.000547626822286, -19.382145483607673 ], [ 24.000281609728418, -19.382831838873173 ], [ 23.999410817263477, -19.384977532625026 ], [ 23.998412795252129, -19.388143096622002 ], [ 23.995194710352912, -19.395737484849008 ], [ 23.992886978979282, -19.400006722954839 ], [ 23.992866180552117, -19.400056809840752 ], [ 23.992348742512583, -19.401039501158685 ], [ 23.991185341310004, -19.40370943187196 ], [ 23.990577278252889, -19.404826691509051 ], [ 23.989565077710683, -19.407065420684731 ], [ 23.987516788136411, -19.41128891947427 ], [ 23.985950455901001, -19.414309132084266 ], [ 23.983533282173791, -19.418662993185464 ], [ 23.98140337469512, -19.422255819547519 ], [ 23.980351101487152, -19.424150691820277 ], [ 23.979231536582642, -19.426084786964612 ], [ 23.978101952712461, -19.428181949484728 ], [ 23.977923817514892, -19.428499008319921 ], [ 23.977385667559624, -19.429565208821515 ], [ 23.976708096792102, -19.430865610217058 ], [ 23.976035751372951, -19.432130633495792 ], [ 23.973848652451327, -19.436165725889225 ], [ 23.972281687183948, -19.439057311977034 ], [ 23.971630903037454, -19.440236535361645 ], [ 23.970612987501596, -19.442048026486095 ], [ 23.970014841049363, -19.44314273713859 ], [ 23.969791778150782, -19.443548433159421 ], [ 23.968561063825806, -19.445772869470797 ], [ 23.968427078926958, -19.446014140986065 ], [ 23.967191797887455, -19.448230330027286 ], [ 23.966367339954747, -19.449587712850541 ], [ 23.966039226415113, -19.450177597904215 ], [ 23.965292070257295, -19.451520825974605 ], [ 23.964868345600895, -19.452273852983549 ], [ 23.964477610566817, -19.45296033736189 ], [ 23.964133284157469, -19.453600898745311 ], [ 23.963782960452246, -19.45424612735906 ], [ 23.963066583523005, -19.455552488612632 ], [ 23.960074605168966, -19.463107894713513 ], [ 23.959525250331101, -19.464239796959948 ], [ 23.9587648254236, -19.465646848785006 ], [ 23.959006861333233, -19.466152813729149 ], [ 23.959328004873882, -19.466937747668652 ], [ 23.962272037400581, -19.475346617226716 ], [ 23.964324302788562, -19.483990495841539 ], [ 23.965464524802119, -19.492784538129733 ], [ 23.96552200497807, -19.493532167043046 ], [ 23.965664775122569, -19.504288901932156 ], [ 23.96444401305563, -19.514984045657862 ], [ 23.964324635859626, -19.515651407001958 ], [ 23.961863840905558, -19.525788548066199 ], [ 23.958784876052672, -19.533971714679087 ], [ 23.958649444961036, -19.534351447209303 ], [ 23.958147552851557, -19.535690513371431 ], [ 23.957592151411127, -19.537122801174494 ], [ 23.957534597541322, -19.537289739997284 ], [ 23.957107764606288, -19.538536849786574 ], [ 23.956191013667443, -19.54108408355636 ], [ 23.956138220758575, -19.541223848972805 ], [ 23.95579404982476, -19.542250922364708 ], [ 23.954897532758959, -19.544802514442591 ], [ 23.954840371383327, -19.544784463979386 ], [ 23.953733061545336, -19.547926497981429 ], [ 23.953795429432709, -19.547946633104395 ], [ 23.953194291722898, -19.549620024974846 ], [ 23.951589951515299, -19.553749895248085 ], [ 23.95108553615389, -19.554955916778528 ], [ 23.94992733579473, -19.557310788428598 ], [ 23.949713818592517, -19.55780660307348 ], [ 23.947907591091852, -19.561729672803221 ], [ 23.947298481793101, -19.56297068758121 ], [ 23.942220560005829, -19.571941785160952 ], [ 23.941503688489348, -19.573051492053136 ], [ 23.936105639214659, -19.58052809679446 ], [ 23.929936409817451, -19.58744843525692 ], [ 23.929470352995178, -19.587874918257103 ], [ 23.928920954641868, -19.589275300663402 ], [ 23.925341425728572, -19.59640155179919 ], [ 23.92111236252105, -19.603200849011476 ], [ 23.920396707565068, -19.60414893167437 ], [ 23.918288331649141, -19.607173050258325 ], [ 23.917333324851569, -19.608477899540645 ], [ 23.91472604526701, -19.61186753600925 ], [ 23.913936223695355, -19.612845291043744 ], [ 23.908101521000699, -19.619338147732073 ], [ 23.907899576694938, -19.619606803273555 ], [ 23.904683965556647, -19.624892171279395 ], [ 23.901886650219105, -19.628628844298618 ], [ 23.89985223826298, -19.632849359638769 ], [ 23.896045624217958, -19.639282745746403 ], [ 23.895362233574087, -19.640333562845303 ], [ 23.895322476666724, -19.640389035922322 ], [ 23.893833992646478, -19.643691904872259 ], [ 23.892513156722842, -19.645994851947297 ], [ 23.891646657869821, -19.647989792761436 ], [ 23.888349267262374, -19.654171980028071 ], [ 23.886602976233188, -19.657153084602985 ], [ 23.880958999576869, -19.665629810890259 ], [ 23.879629744753252, -19.667398065247028 ], [ 23.873575569672806, -19.67462996570584 ], [ 23.870609463581012, -19.677505765313157 ], [ 23.869690969135704, -19.678695647438747 ], [ 23.869399962512777, -19.679070582815125 ], [ 23.866308500580789, -19.683031912010012 ], [ 23.865640671314182, -19.683877145532769 ], [ 23.861489150799674, -19.689067154702709 ], [ 23.858206962802758, -19.69317939599998 ], [ 23.850543350127527, -19.702927114237312 ], [ 23.850378929925949, -19.703135602860776 ], [ 23.84891421654045, -19.704987246202158 ], [ 23.842384624864209, -19.713406407152284 ], [ 23.842244999524421, -19.713585960010285 ], [ 23.840350717513324, -19.716015549237255 ], [ 23.837768777188177, -19.719353812336056 ], [ 23.833077597359413, -19.725428429158001 ], [ 23.832124741392555, -19.726640604022428 ], [ 23.828789982680096, -19.730808785428859 ], [ 23.826914174598251, -19.733358608168295 ], [ 23.824509991094189, -19.736380314049295 ], [ 23.821727371327945, -19.739709995576053 ], [ 23.821034573250699, -19.740499697150781 ], [ 23.820301470056098, -19.741505297038234 ], [ 23.819433657241262, -19.74267553935319 ], [ 23.818103556466639, -19.744438995912301 ], [ 23.813007649090007, -19.75060509625893 ], [ 23.807361202495994, -19.756325487280733 ], [ 23.801207455390102, -19.761556264438017 ], [ 23.799516160346663, -19.762871888896424 ], [ 23.792883908807081, -19.767584682373847 ], [ 23.786024683967423, -19.77161992673339 ], [ 23.785676198211032, -19.772204211040751 ], [ 23.785361100867437, -19.772728376145757 ], [ 23.784104403711151, -19.774802567937879 ], [ 23.778912923756312, -19.78244327530679 ], [ 23.777739275876396, -19.783991608553517 ], [ 23.772577906332842, -19.790201665726808 ], [ 23.766857178825305, -19.795956207476085 ], [ 23.76062170365282, -19.801210258359276 ], [ 23.758032602167511, -19.803030940609428 ], [ 23.757456526751547, -19.803772747018449 ], [ 23.756238082159314, -19.80521828461908 ], [ 23.753401036508365, -19.810047785649974 ], [ 23.748598640880484, -19.81672324335609 ], [ 23.747504155939676, -19.818105943479093 ], [ 23.74251622234949, -19.823887620585097 ], [ 23.737035871691397, -19.829255528513489 ], [ 23.731101234961628, -19.834172235644061 ], [ 23.729562627431253, -19.83534324794261 ], [ 23.727068876639695, -19.83717707846694 ], [ 23.724159972446632, -19.839243297729595 ], [ 23.723424597400847, -19.839733716986057 ], [ 23.720687487548918, -19.843758205673563 ], [ 23.717843554988448, -19.847604129165354 ], [ 23.715029706864087, -19.851213089061936 ], [ 23.709085147496989, -19.858449871899492 ], [ 23.707546117314791, -19.860244363552809 ], [ 23.706730562173501, -19.861582666465903 ], [ 23.706153296205915, -19.862516828669875 ], [ 23.701397677135848, -19.870106570541356 ], [ 23.696421000308007, -19.877246682380587 ], [ 23.693211645151209, -19.881403839994189 ], [ 23.692271799187189, -19.882600153298668 ], [ 23.690326567580026, -19.885033539274545 ], [ 23.683794996359545, -19.892353382658307 ], [ 23.680870878132783, -19.895295003956811 ], [ 23.677356029978796, -19.89885699988562 ], [ 23.675681509102283, -19.900510960861038 ], [ 23.673006587531791, -19.903086145948851 ], [ 23.671973427407231, -19.904111723109736 ], [ 23.670827859535837, -19.905338995408393 ], [ 23.670567607374426, -19.905626566918798 ], [ 23.66883791481267, -19.907734434559178 ], [ 23.665238007220097, -19.912237592468681 ], [ 23.659059414386803, -19.920107395913035 ], [ 23.655454754241273, -19.924415437582173 ], [ 23.652415775584238, -19.927826524944226 ], [ 23.647279277567829, -19.933141870590262 ], [ 23.646633658395082, -19.933758185895705 ], [ 23.646535508463916, -19.933861781575992 ], [ 23.645028789115045, -19.935414872953544 ], [ 23.642119950943897, -19.938343134002512 ], [ 23.634368313018321, -19.945311004579768 ], [ 23.63053707067537, -19.948384100627205 ], [ 23.629708375221437, -19.949041124476981 ], [ 23.626012666346863, -19.951937292608889 ], [ 23.624665069816125, -19.952973726223799 ], [ 23.620647859428228, -19.956005729530006 ], [ 23.619738139382328, -19.956683742395622 ], [ 23.615919289331835, -19.959494169420488 ], [ 23.609347059800111, -19.963918455869997 ], [ 23.607013197229723, -19.965351759033187 ], [ 23.599213421452038, -19.969541294045644 ], [ 23.597397301779768, -19.973710935013969 ], [ 23.597007809139999, -19.974477009881213 ], [ 23.596827268621777, -19.974850320950587 ], [ 23.593170052264821, -19.981633248956864 ], [ 23.588915820981747, -19.988097679883357 ], [ 23.587559683372028, -19.989975170874455 ], [ 23.58072330812136, -19.998333005391174 ], [ 23.579190067050483, -19.999994548346113 ], [ 23.575821174050205, -20.003457086732944 ], [ 23.575138498321632, -20.004122715116686 ], [ 23.569197358703398, -20.009435433007535 ], [ 23.562792790159659, -20.014243461101145 ], [ 23.562048719341234, -20.014754073648636 ], [ 23.561498422829217, -20.015160907895254 ], [ 23.560770861219702, -20.015693422610934 ], [ 23.558526130260827, -20.017319912097427 ], [ 23.558489208985957, -20.017344258908583 ], [ 23.555472171008095, -20.020400293278744 ], [ 23.548113936292211, -20.026460929592353 ], [ 23.542895672322636, -20.030329998957061 ], [ 23.536581406150113, -20.03462725789619 ], [ 23.532973604542889, -20.036875615276262 ], [ 23.52740855231291, -20.040089236881876 ], [ 23.524265174639901, -20.041766626691611 ], [ 23.523991568564597, -20.042155701496309 ], [ 23.517986192279068, -20.049079053818701 ], [ 23.511278303515951, -20.055400657784052 ], [ 23.510236134345536, -20.056289062954672 ], [ 23.50203930710607, -20.062531410590037 ], [ 23.493159149320093, -20.067875272880794 ], [ 23.483705421277854, -20.072254478956875 ], [ 23.481947135416561, -20.072957227619725 ], [ 23.478818749463379, -20.074459997166688 ], [ 23.477764232179698, -20.074908756566597 ], [ 23.469111870904459, -20.078117943000191 ], [ 23.460167784784215, -20.080510046216592 ], [ 23.451018211707634, -20.082061943518973 ], [ 23.441751392172051, -20.082758612147558 ], [ 23.432456714629382, -20.08259327693851 ], [ 23.423223849047012, -20.081567478112149 ], [ 23.414141877246546, -20.079691058439128 ], [ 23.405298428634396, -20.076982069831438 ], [ 23.396778829896146, -20.073466600205702 ], [ 23.388665277093118, -20.069178522260124 ], [ 23.381036038373612, -20.064159166586236 ], [ 23.373964695198158, -20.058456922291896 ], [ 23.367519429579044, -20.052126769036228 ], [ 23.361762364356437, -20.045229745060823 ], [ 23.35674896298147, -20.037832356438308 ], [ 23.352527494658194, -20.030005933341616 ], [ 23.34913857001894, -20.021825939659212 ], [ 23.346614751779931, -20.013371242737584 ], [ 23.344980244054742, -20.004723350417912 ], [ 23.344250663201684, -19.995965622845205 ], [ 23.344432892256933, -19.98718246676275 ], [ 23.345525020167152, -19.978458520160558 ], [ 23.347516366193382, -19.969877835222107 ], [ 23.350387589020592, -19.96152306751015 ], [ 23.354110879283098, -19.953474679249027 ], [ 23.358650233413737, -19.945810164401276 ], [ 23.363961805951082, -19.938603303000587 ], [ 23.36999433670162, -19.931923451896775 ], [ 23.37668964845901, -19.925834878693603 ], [ 23.377191751884521, -19.925460482597902 ] ] ] } },
{ "type": "Feature", "properties": { "ID": null, "Name": "Maun-Chanoga", "Distance": "10km", "Type": "road" }, "geometry": { "type": "Polygon", "coordinates": [ [ [ 23.349969389037721, -19.936111485262852 ], [ 23.350693937225817, -19.935026998071287 ], [ 23.356401274387224, -19.928096056003092 ], [ 23.362798986771427, -19.921727491555774 ], [ 23.369825395828673, -19.91598256799579 ], [ 23.377412798755095, -19.910916532640702 ], [ 23.385488121808198, -19.90657808782359 ], [ 23.393973624140834, -19.903008925151084 ], [ 23.402787645373397, -19.900243327416771 ], [ 23.41184538974764, -19.898307841874569 ], [ 23.421059739397048, -19.897221027889497 ], [ 23.430342089028233, -19.896993281270873 ], [ 23.439603194137455, -19.89762673686344 ], [ 23.448754024785536, -19.89911525023161 ], [ 23.457706616923485, -19.901444458527127 ], [ 23.466374913299443, -19.904591919888631 ], [ 23.474675586084263, -19.908527329987557 ], [ 23.48252883352637, -19.913212813617303 ], [ 23.485823409696877, -19.915635641695637 ], [ 23.486486300446995, -19.916025665692061 ], [ 23.488138775220353, -19.916875558365639 ], [ 23.490426172547032, -19.918343652785556 ], [ 23.492773477073548, -19.91972457860394 ], [ 23.494265648536832, -19.920807745323007 ], [ 23.495822170255806, -19.921806631900193 ], [ 23.497946540556416, -19.923479559200633 ], [ 23.500139561039202, -19.92507128837893 ], [ 23.501512389013101, -19.926287470713095 ], [ 23.502957989047498, -19.927425741286843 ], [ 23.504898900319937, -19.929287408035243 ], [ 23.506916544054217, -19.931074628407792 ], [ 23.508156822512532, -19.932412127480823 ], [ 23.509477595136261, -19.933678832625205 ], [ 23.511216373742169, -19.935711331440171 ], [ 23.51303922859621, -19.93767685191057 ], [ 23.51413502198174, -19.939122802724299 ], [ 23.515318257665061, -19.940505758451803 ], [ 23.516838167450715, -19.942689539651894 ], [ 23.518448688080358, -19.944814454950492 ], [ 23.519389445897247, -19.946354949684316 ], [ 23.520423753305803, -19.947840854201754 ], [ 23.52171015641327, -19.950154913157029 ], [ 23.523092832845979, -19.952418784990922 ], [ 23.523869491157697, -19.954039006279999 ], [ 23.524744906699354, -19.955613567440743 ], [ 23.525785404533927, -19.958035645857315 ], [ 23.526926911515282, -19.960416698743554 ], [ 23.527531980375887, -19.96210106167754 ], [ 23.528240064246969, -19.963749133927212 ], [ 23.529024617244961, -19.966255933164863 ], [ 23.529913942911179, -19.968731263098757 ], [ 23.530341578883178, -19.970463564600333 ], [ 23.530875496686779, -19.972169294123869 ], [ 23.53139652171733, -19.974736698532119 ], [ 23.532025074342936, -19.977282492521486 ], [ 23.532271137389486, -19.97904606669373 ], [ 23.532583003082387, -19.980582559359849 ], [ 23.532631364117638, -19.980609971367201 ], [ 23.533013289354862, -19.980827611342246 ], [ 23.549577771447542, -19.990315589142622 ], [ 23.549918992645058, -19.990511935095963 ], [ 23.557166568815553, -19.994701858220679 ], [ 23.56359316094181, -19.998416700709928 ], [ 23.579180887945, -20.007283699699446 ], [ 23.580490397266914, -20.008042223010332 ], [ 23.587653566729035, -20.012267006647669 ], [ 23.587799106924617, -20.012353012084166 ], [ 23.593967774538118, -20.016005440366165 ], [ 23.60775584593215, -20.023935410144183 ], [ 23.614186775144869, -20.02712249666552 ], [ 23.620548008593239, -20.030206815741707 ], [ 23.638316588889111, -20.038400848030779 ], [ 23.657181778577211, -20.046981704568253 ], [ 23.657982743596438, -20.047350344496607 ], [ 23.673972248620466, -20.054796271924847 ], [ 23.67439822350476, -20.054995861323796 ], [ 23.683801433542058, -20.059429083430118 ], [ 23.685046352980127, -20.059453108904624 ], [ 23.686432379223898, -20.059489444576464 ], [ 23.705760070621444, -20.060128849971164 ], [ 23.71613036865531, -20.060475860577586 ], [ 23.72456649176927, -20.060757705972879 ], [ 23.742645201133513, -20.061221731106503 ], [ 23.744111691439713, -20.061270039677506 ], [ 23.758755489114197, -20.061859158996267 ], [ 23.768558519536104, -20.062737283558434 ], [ 23.778211918898084, -20.064572462901211 ], [ 23.787611390333058, -20.067344803016937 ], [ 23.805931073227381, -20.073751953543727 ], [ 23.807661866658151, -20.074375400807732 ], [ 23.824983354766513, -20.080797467367553 ], [ 23.841432530469053, -20.086711989970802 ], [ 23.857713715384214, -20.092564074433096 ], [ 23.859573255763205, -20.093253631923318 ], [ 23.871601273614907, -20.097852132718597 ], [ 23.872861366947017, -20.097893481285421 ], [ 23.887017057184753, -20.097862876242239 ], [ 23.904457861344724, -20.09757905352804 ], [ 23.904799271564347, -20.097574062138332 ], [ 23.924843883496742, -20.097314003202019 ], [ 23.945486963511872, -20.096503206521469 ], [ 23.967509187807011, -20.095455661912986 ], [ 23.988545842777835, -20.093996097055175 ], [ 23.993799719510982, -20.09376964938021 ], [ 24.009930770077919, -20.093497463059343 ], [ 24.014957687841434, -20.09353853295914 ], [ 24.021273240415059, -20.093748542602594 ], [ 24.042737202699914, -20.094061801612309 ], [ 24.064431718832264, -20.094114105458576 ], [ 24.065401447544229, -20.094121075645596 ], [ 24.087780436200227, -20.09438878916303 ], [ 24.109675017407852, -20.094661433026744 ], [ 24.119712942101312, -20.094768627670145 ], [ 24.132816190087262, -20.094907692178989 ], [ 24.154818125973414, -20.095151575252732 ], [ 24.176826816806795, -20.095032843003921 ], [ 24.199955745059427, -20.094618049307229 ], [ 24.202226265914575, -20.094602920741373 ], [ 24.224676990021361, -20.094706358906276 ], [ 24.2264949861429, -20.094731120762258 ], [ 24.24951977425944, -20.095252257501148 ], [ 24.27408381563199, -20.095742330887134 ], [ 24.274458299438486, -20.095750475960127 ], [ 24.295221805047632, -20.096239676541412 ], [ 24.295446072383406, -20.096245198139684 ], [ 24.317430562848951, -20.096809694462532 ], [ 24.337633377866762, -20.096916240657134 ], [ 24.34551182719402, -20.097267986118627 ], [ 24.364595075436689, -20.098874326712782 ], [ 24.382805461369564, -20.099637359873672 ], [ 24.3869656715354, -20.099898352863484 ], [ 24.40759232679741, -20.101623201192918 ], [ 24.429205975115128, -20.102852283749193 ], [ 24.42980873756192, -20.102888346584106 ], [ 24.452824825537249, -20.104333508780211 ], [ 24.454489980368447, -20.104451905194669 ], [ 24.478376066543287, -20.106349012054448 ], [ 24.501540032052983, -20.108011238400529 ], [ 24.52353081973267, -20.109438992117813 ], [ 24.525651712780515, -20.1095992169951 ], [ 24.534562099296789, -20.11036751577268 ], [ 24.546955772517187, -20.112225705064347 ], [ 24.559025498378318, -20.114820455847404 ], [ 24.56012249281514, -20.115062743242817 ], [ 24.582218301544582, -20.120072518599997 ], [ 24.582337916742691, -20.120099707275941 ], [ 24.600757006205836, -20.124297157050439 ], [ 24.602947167066727, -20.124724624984541 ], [ 24.606257107837603, -20.125429342432589 ], [ 24.609875722144711, -20.126264449384056 ], [ 24.61009419971726, -20.126315127240883 ], [ 24.623337678076258, -20.129402227604967 ], [ 24.628053526649044, -20.130624312306523 ], [ 24.635400389253654, -20.132722406906101 ], [ 24.648976139411776, -20.135838901652825 ], [ 24.658040327283516, -20.137903236091759 ], [ 24.666023126712915, -20.140075629970198 ], [ 24.673773136624511, -20.142901449029267 ], [ 24.678416034658014, -20.144819647906534 ], [ 24.684852692974811, -20.14739916641032 ], [ 24.694967670343004, -20.152144537734195 ], [ 24.697770646413829, -20.153663010073867 ], [ 24.700213670251717, -20.155082380126558 ], [ 24.704138880815513, -20.15590526220381 ], [ 24.704638867954017, -20.156011416331399 ], [ 24.728020131638917, -20.161036564828393 ], [ 24.731999802762289, -20.161850901061175 ], [ 24.736541408640662, -20.161699709630117 ], [ 24.744333048366876, -20.161392524128811 ], [ 24.748169978897931, -20.161314800049038 ], [ 24.750627095164994, -20.161312121455286 ], [ 24.76095672024265, -20.161835283064814 ], [ 24.766931175238756, -20.162448721974183 ], [ 24.773862750119193, -20.163406880438121 ], [ 24.778604984413001, -20.164232863127072 ], [ 24.781106613523342, -20.164594449958955 ], [ 24.788276174763091, -20.166178349787145 ], [ 24.789978739948143, -20.166621170691663 ], [ 24.799643320970329, -20.164209477869989 ], [ 24.804301131587707, -20.163039637288822 ], [ 24.812670900690115, -20.161316746774254 ], [ 24.819024083084475, -20.160291161880636 ], [ 24.828087541484749, -20.159250419284295 ], [ 24.842687289317993, -20.15824600639348 ], [ 24.861982797954642, -20.156891263300398 ], [ 24.875980278823093, -20.15591272105641 ], [ 24.876693575611228, -20.155826991657062 ], [ 24.888619136139511, -20.152371956416374 ], [ 24.89196929486117, -20.15146473445699 ], [ 24.901839533183992, -20.148976693920382 ], [ 24.909050814135693, -20.147441383574517 ], [ 24.91618090093851, -20.146197827061666 ], [ 24.924751174785978, -20.145083326961704 ], [ 24.931687830680978, -20.144485171515569 ], [ 24.938055410116856, -20.144140147445672 ], [ 24.95262937961655, -20.143815377841904 ], [ 24.961977946545112, -20.143606417189886 ], [ 24.966962333736447, -20.143447693049424 ], [ 24.968978451710857, -20.14318059358369 ], [ 24.985685596947253, -20.139798228768356 ], [ 24.986194225302111, -20.139696614272289 ], [ 24.99071861602128, -20.138804945078792 ], [ 24.992332457298673, -20.138500699852777 ], [ 25.004246185118173, -20.136356047770946 ], [ 25.011834199212991, -20.135289407475405 ], [ 25.018714721282112, -20.134590464024235 ], [ 25.025722558134696, -20.13412664867996 ], [ 25.03172750805464, -20.133940678611918 ], [ 25.032261178870563, -20.133925568100771 ], [ 25.04641225835994, -20.133562124314121 ], [ 25.050146243571639, -20.13266570692581 ], [ 25.054515670957308, -20.13145500874392 ], [ 25.056402755969273, -20.130952140984888 ], [ 25.066993477550483, -20.128241408360953 ], [ 25.071933616519331, -20.127110701762 ], [ 25.07744390481778, -20.125996822844957 ], [ 25.086221248437983, -20.124627221275411 ], [ 25.092421553511031, -20.123941183880014 ], [ 25.099245616612674, -20.123422062267469 ], [ 25.10190754491072, -20.123311086068014 ], [ 25.109760103197175, -20.123292402599311 ], [ 25.118912122268664, -20.123630146400131 ], [ 25.165144070957009, -20.123922628164845 ], [ 25.174387940255336, -20.124408689484451 ], [ 25.18353676354366, -20.125747659197689 ], [ 25.192502601393922, -20.127926602021738 ], [ 25.201199277232888, -20.130924511588635 ], [ 25.209543200801974, -20.13471251361241 ], [ 25.21745416692395, -20.139254144097581 ], [ 25.224856122121949, -20.144505699902034 ], [ 25.231677891929216, -20.150416658299097 ], [ 25.237853862082137, -20.156930161546246 ], [ 25.24332460720094, -20.163983561867745 ], [ 25.248037461029611, -20.171509021700267 ], [ 25.251947022825622, -20.179434163537444 ], [ 25.255015595058019, -20.187682763247608 ], [ 25.257213548185018, -20.196175480330211 ], [ 25.258519608935973, -20.204830618225728 ], [ 25.25892106921258, -20.213564907503443 ], [ 25.258413913445796, -20.222294304524901 ], [ 25.257002862993385, -20.230934798019142 ], [ 25.25470133693117, -20.239403215912805 ], [ 25.251531329375059, -20.247618024733796 ], [ 25.247523204261654, -20.255500113953179 ], [ 25.242715409307859, -20.262973557747397 ], [ 25.23715411165535, -20.269966346850282 ], [ 25.230892758477371, -20.276411083422772 ], [ 25.223991566574405, -20.282245632195171 ], [ 25.216516945703898, -20.287413721530939 ], [ 25.208540861068951, -20.291865488519452 ], [ 25.200140141023965, -20.29555796272421 ], [ 25.191395736632849, -20.298455483789319 ], [ 25.182391940231014, -20.300530048734544 ], [ 25.173215570587942, -20.301761585442911 ], [ 25.163955132637184, -20.302138149558775 ], [ 25.116148601974153, -20.301858965325483 ], [ 25.11310947900904, -20.301794615749298 ], [ 25.110843104912881, -20.301712154822983 ], [ 25.106811837388843, -20.302746053715541 ], [ 25.10172967880802, -20.304156936346381 ], [ 25.09841104146334, -20.30501651123619 ], [ 25.085675548896543, -20.308080374797257 ], [ 25.072655955984207, -20.310309458173265 ], [ 25.066499426187448, -20.310947332391329 ], [ 25.062069680997091, -20.311306881166189 ], [ 25.057890741900696, -20.31155268972131 ], [ 25.054639863530262, -20.311690871792074 ], [ 25.037705991429487, -20.312134191569609 ], [ 25.035705508220111, -20.312197138745571 ], [ 25.028568998348444, -20.313485345698531 ], [ 25.025101518465004, -20.314170471405564 ], [ 25.00531840317911, -20.318185411977879 ], [ 24.998644255333126, -20.319304811201505 ], [ 24.988319803718415, -20.320677654266603 ], [ 24.978377799101011, -20.321497105857134 ], [ 24.967921415253208, -20.321835272692176 ], [ 24.966976785523027, -20.321861332096589 ], [ 24.957145290574683, -20.322085846025729 ], [ 24.946406815911701, -20.322330441822889 ], [ 24.942452091464613, -20.323329356695464 ], [ 24.928069479867919, -20.327503690406072 ], [ 24.921669355423223, -20.329131457570192 ], [ 24.915892954804356, -20.330397253773015 ], [ 24.907791349405088, -20.331824353463752 ], [ 24.904244840831698, -20.33229912524838 ], [ 24.902960778601514, -20.332462545988136 ], [ 24.897430462314105, -20.333129908180023 ], [ 24.892478401113152, -20.333602747606637 ], [ 24.876042216308502, -20.334759787644508 ], [ 24.856680054635365, -20.336128497773263 ], [ 24.856549261350192, -20.336137650176283 ], [ 24.847597841380161, -20.336757914104538 ], [ 24.830326053953012, -20.341076347796612 ], [ 24.828534365931315, -20.341550224496903 ], [ 24.821422982409548, -20.343153992968968 ], [ 24.814201232103908, -20.344234477237769 ], [ 24.807102681828443, -20.345032307284125 ], [ 24.79811613848533, -20.345634324664058 ], [ 24.790164420057444, -20.345808407914241 ], [ 24.782906290280874, -20.345704173223904 ], [ 24.779499744416167, -20.34553165106388 ], [ 24.774880326819723, -20.345190384153717 ], [ 24.770315554221689, -20.344746677669761 ], [ 24.76093619845583, -20.343383126343038 ], [ 24.754993120980618, -20.342228313367496 ], [ 24.752929230599634, -20.341804504048323 ], [ 24.749403586635797, -20.341041472945154 ], [ 24.745463411496605, -20.340104149565406 ], [ 24.744871701782564, -20.339950554677397 ], [ 24.744170423123727, -20.339978518483917 ], [ 24.743560875648129, -20.340000965107016 ], [ 24.735454405152904, -20.340274590608576 ], [ 24.730575286894414, -20.340320314717747 ], [ 24.722459076330427, -20.340198578158194 ], [ 24.714924719069668, -20.339801273260356 ], [ 24.710518149228989, -20.339401931139637 ], [ 24.699568596128383, -20.33779404798123 ], [ 24.687522613348509, -20.335335090162513 ], [ 24.686571807109388, -20.335136119501129 ], [ 24.66293533886066, -20.330067217862055 ], [ 24.649035011321242, -20.327159125417374 ], [ 24.638118847178877, -20.324216117253297 ], [ 24.63210456024856, -20.322218893235856 ], [ 24.62310072094251, -20.318727393704886 ], [ 24.617705270255353, -20.316321606650796 ], [ 24.606105933962805, -20.310172152339131 ], [ 24.604839385427688, -20.309385171034197 ], [ 24.604585224791812, -20.309327396399606 ], [ 24.604425541027886, -20.309290959144679 ], [ 24.588218361291759, -20.305577733869974 ], [ 24.583188321453118, -20.30428545982841 ], [ 24.575679990731668, -20.302144807172347 ], [ 24.564906365239349, -20.299638313961815 ], [ 24.563042870508895, -20.299209123641333 ], [ 24.560989426978381, -20.298809267912667 ], [ 24.557952068755238, -20.298168445572518 ], [ 24.538055792048233, -20.293643631798499 ], [ 24.516539585348031, -20.288775188350368 ], [ 24.511143507039936, -20.2876177240204 ], [ 24.509552994665516, -20.287481291040688 ], [ 24.488265038300035, -20.28610889197083 ], [ 24.487599438245642, -20.286063711811586 ], [ 24.4637010149392, -20.284359770557465 ], [ 24.462954853302765, -20.284303712021785 ], [ 24.439499297356509, -20.282451649087438 ], [ 24.417590863128215, -20.281086026004921 ], [ 24.394928613707307, -20.279807548102259 ], [ 24.39228325161449, -20.279622967671333 ], [ 24.372389341805828, -20.277968665430596 ], [ 24.354142112203231, -20.277212150966971 ], [ 24.349947175152675, -20.276949754152824 ], [ 24.332682178451716, -20.275504617834176 ], [ 24.315391729369306, -20.275420999240488 ], [ 24.313360820728178, -20.275390496973454 ], [ 24.290447105410266, -20.274812554820045 ], [ 24.269958620866205, -20.274339060785913 ], [ 24.245425568383915, -20.273860599058224 ], [ 24.245170892136127, -20.273855290073875 ], [ 24.222901349954398, -20.273361289901942 ], [ 24.202471200611541, -20.27327630329642 ], [ 24.179830582695345, -20.273692320898196 ], [ 24.178587261574076, -20.273707374646495 ], [ 24.155111842698965, -20.273844444331452 ], [ 24.153472962281548, -20.273840509647943 ], [ 24.130712074271109, -20.273598350149189 ], [ 24.11762240737287, -20.273465222097347 ], [ 24.107488483404431, -20.273361479385418 ], [ 24.107319973406515, -20.273359607725212 ], [ 24.085408495798575, -20.273096414455317 ], [ 24.063519615331266, -20.272844228878505 ], [ 24.041680804086742, -20.272801098793458 ], [ 24.040472083984547, -20.272791351684447 ], [ 24.017447908954001, -20.272465385984329 ], [ 24.015587253333958, -20.272421649672584 ], [ 24.010849908398512, -20.272266240260723 ], [ 23.999850536665292, -20.272456647646116 ], [ 23.980337047691542, -20.273818869874471 ], [ 23.978174647288977, -20.273946246903996 ], [ 23.954637693256966, -20.275076144279925 ], [ 23.953821146487869, -20.275111953569272 ], [ 23.931435610135065, -20.276000853535553 ], [ 23.928812814391009, -20.276070497366145 ], [ 23.907604077975463, -20.276354927861384 ], [ 23.889611202400676, -20.276655459115474 ], [ 23.888205262310056, -20.27666901790942 ], [ 23.871578731978648, -20.276712078131595 ], [ 23.868077056486964, -20.276659872046018 ], [ 23.859742833899176, -20.276389892538827 ], [ 23.852152578263674, -20.275855026711774 ], [ 23.84192090914809, -20.274742051751183 ], [ 23.833843086081831, -20.273527557454237 ], [ 23.825906390925795, -20.271659796759256 ], [ 23.814278536463984, -20.268413555965147 ], [ 23.80562818864475, -20.265561924958472 ], [ 23.789439262363096, -20.259379435128604 ], [ 23.77407408014588, -20.253862678849249 ], [ 23.757154250724664, -20.247785644524235 ], [ 23.756254848512466, -20.247457587454765 ], [ 23.73932618993981, -20.241187943298012 ], [ 23.735886377858382, -20.239986464280666 ], [ 23.719068295057117, -20.239561824048877 ], [ 23.718300725771247, -20.239539466150934 ], [ 23.709471031229, -20.239248219668163 ], [ 23.699158687177601, -20.238907500457017 ], [ 23.680525063301445, -20.23829895990475 ], [ 23.662551662914378, -20.237958717043156 ], [ 23.650589028715537, -20.237013506311545 ], [ 23.645703707939035, -20.236331018501151 ], [ 23.636236761255351, -20.23453876140276 ], [ 23.627012249387079, -20.23184609855911 ], [ 23.618126089067079, -20.228280970422166 ], [ 23.606220027556283, -20.222811332507504 ], [ 23.605384048596207, -20.222422420983364 ], [ 23.590020945910947, -20.215185157632149 ], [ 23.574626091352616, -20.208021514471213 ], [ 23.555916384091887, -20.199517918087547 ], [ 23.55546899846091, -20.199313172088978 ], [ 23.536606043022264, -20.190620982018309 ], [ 23.534914591255411, -20.189821544521667 ], [ 23.527329779545447, -20.186146520634423 ], [ 23.526582143718073, -20.185780269069628 ], [ 23.51709997081235, -20.181084029708469 ], [ 23.511852844069271, -20.178280401764187 ], [ 23.494951513972413, -20.168564737545935 ], [ 23.493911475767582, -20.167958047555931 ], [ 23.487291109819314, -20.164039918946145 ], [ 23.480845395321307, -20.160239995845654 ], [ 23.465614842537843, -20.151580321110821 ], [ 23.46504679824092, -20.151254725749286 ], [ 23.45833081474678, -20.147374429512794 ], [ 23.451246334798654, -20.14328071424514 ], [ 23.435025884009033, -20.133994233721278 ], [ 23.420069140350034, -20.12551926619604 ], [ 23.417422141961399, -20.12396260933507 ], [ 23.414540333262984, -20.122204968173989 ], [ 23.405806654610501, -20.117230866205521 ], [ 23.405370136980029, -20.11698071506817 ], [ 23.395603478979929, -20.111349176409494 ], [ 23.39170978132249, -20.108978394518253 ], [ 23.389600044201831, -20.10762366186664 ], [ 23.386292917404411, -20.105499943150679 ], [ 23.3794496179604, -20.100664749563009 ], [ 23.373095724201967, -20.095266385830662 ], [ 23.367282975808497, -20.089348814564147 ], [ 23.362058689142614, -20.082960229355912 ], [ 23.360642948568408, -20.081057245901029 ], [ 23.355200828713979, -20.072826519886711 ], [ 23.350734421377823, -20.064087223368453 ], [ 23.348669960540182, -20.058596431009747 ], [ 23.346609295090843, -20.056332375599684 ], [ 23.34090081248338, -20.049398743143612 ], [ 23.335939576033851, -20.041969440939265 ], [ 23.331773350226346, -20.034116106697461 ], [ 23.328442211422526, -20.025914463407037 ], [ 23.325978163749184, -20.017443586585422 ], [ 23.324404833870755, -20.008785139323532 ], [ 23.32373724746742, -20.000022582622311 ], [ 23.323981689413618, -19.991240368746716 ], [ 23.325135648813404, -19.982523125473787 ], [ 23.327187849206968, -19.973954839181523 ], [ 23.330118363425871, -19.965618044716194 ], [ 23.333898811751737, -19.957593029887267 ], [ 23.338492641232303, -19.949957062273988 ], [ 23.343855483237689, -19.94278364578733 ], [ 23.349935585604783, -19.936141814119505 ], [ 23.349969389037721, -19.936111485262852 ] ] ] } },
{ "type": "Feature", "properties": { "ID": null, "Name": "Sankyo", "Distance": null, "Type": "village" }, "geometry": { "type": "Polygon", "coordinates": [ [ [ 23.86967678634295, -19.430283904866045 ], [ 23.870515236238642, -19.429883229694653 ], [ 23.871910179427932, -19.428903801497913 ], [ 23.873601919040482, -19.427568217593272 ], [ 23.874195511886988, -19.426499750469564 ], [ 23.874581347237218, -19.425045447995615 ], [ 23.875234299368373, -19.422908513748183 ], [ 23.87585757185721, -19.420860618427721 ], [ 23.876747961126966, -19.418961121318908 ], [ 23.878884895374398, -19.415191806743579 ], [ 23.879419128936252, -19.415280845670559 ], [ 23.880012721782759, -19.416082196013345 ], [ 23.880309518206019, -19.417744255983568 ], [ 23.880398557132995, -19.419406315953786 ], [ 23.880398557132992, -19.421246453777957 ], [ 23.879804964286482, -19.424837690499331 ], [ 23.878461960471256, -19.427790814910704 ], [ 23.876176628012203, -19.428948320961403 ], [ 23.875108160888491, -19.430966536639524 ], [ 23.873416421275948, -19.431471090559061 ], [ 23.872229235582928, -19.431203973778125 ], [ 23.870774933108983, -19.430729099500926 ], [ 23.869498708488997, -19.431411731274409 ], [ 23.868459921007606, -19.431678848055331 ], [ 23.868489600649934, -19.430966536639524 ], [ 23.86967678634295, -19.430283904866045 ] ] ] } },
{ "type": "Feature", "properties": { "ID": null, "Name": "Maun", "Distance": null, "Type": "village" }, "geometry": { "type": "Polygon", "coordinates": [ [ [ 23.375926155364041, -20.032861304235009 ], [ 23.382233508691282, -20.011473326854865 ], [ 23.369032779031876, -19.985752291168808 ], [ 23.390326201590725, -19.962074686569032 ], [ 23.425974799199846, -19.95323673337516 ], [ 23.462346443673574, -19.934357299550594 ], [ 23.501193757321886, -19.904994228043773 ], [ 23.525402780317318, -19.900057567053587 ], [ 23.548171869677557, -19.915604346641953 ], [ 23.529512605517656, -19.936337063188937 ], [ 23.519023516258912, -19.97115347219939 ], [ 23.496372186815286, -19.99152259952227 ], [ 23.468992101758996, -20.020726795644769 ], [ 23.460168948745103, -20.050087953837902 ], [ 23.405691568163601, -20.042901527518982 ], [ 23.375926155364041, -20.032861304235009 ] ] ] } },
{ "type": "Feature", "properties": { "ID": null, "Name": "Shorobe", "Distance": null, "Type": "village" }, "geometry": { "type": "Polygon", "coordinates": [ [ [ 23.667633856034946, -19.774175875343751 ], [ 23.663378577672166, -19.771997090845343 ], [ 23.661843895223708, -19.768726664631512 ], [ 23.665701693631714, -19.764815362737043 ], [ 23.670291075108167, -19.760402588369285 ], [ 23.677084737653875, -19.755045848920009 ], [ 23.681140163778984, -19.754144293099674 ], [ 23.683803671099291, -19.7585187028759 ], [ 23.682572622924621, -19.764563098528001 ], [ 23.677990540585604, -19.769396470936712 ], [ 23.667633856034946, -19.774175875343751 ] ] ] } },
{ "type": "Feature", "properties": { "ID": null, "Name": "Sankyo", "Distance": "5km", "Type": "village" }, "geometry": { "type": "Polygon", "coordinates": [ [ [ 23.833652718933298, -19.400889977485889 ], [ 23.833700150061663, -19.400788861174497 ], [ 23.835257499117944, -19.397778145349371 ], [ 23.837395557906177, -19.394009061674485 ], [ 23.83973340179346, -19.390324184366765 ], [ 23.842433493231777, -19.386869552137885 ], [ 23.845470816282599, -19.383677129199935 ], [ 23.848817239619066, -19.380776449566319 ], [ 23.852441777562074, -19.378194344241574 ], [ 23.856310877290248, -19.375954693526552 ], [ 23.860388729550813, -19.374078206707605 ], [ 23.864637599990122, -19.372582231142534 ], [ 23.869018178041703, -19.371480592482165 ], [ 23.873489940156503, -19.370783467477491 ], [ 23.878011524036324, -19.370497290521428 ], [ 23.882541110437767, -19.370624694763016 ], [ 23.887036809050976, -19.371164488314513 ], [ 23.887570879138185, -19.371253558172082 ], [ 23.892072480657923, -19.372222179771384 ], [ 23.896452592764302, -19.373604184347425 ], [ 23.900669188285413, -19.375386298319242 ], [ 23.90468180777798, -19.377551409964621 ], [ 23.908451946715804, -19.380078733632043 ], [ 23.911943424056378, -19.382944009071409 ], [ 23.915122728692744, -19.3861197339799 ], [ 23.917959340502765, -19.389575427546575 ], [ 23.91855291931839, -19.390376610608566 ], [ 23.920807323258508, -19.393726649863218 ], [ 23.922739291778893, -19.3972534356941 ], [ 23.924333540426534, -19.400929095391479 ], [ 23.925577450362312, -19.404724578923936 ], [ 23.92646116851224, -19.408609888128989 ], [ 23.926758366180074, -19.410271687211775 ], [ 23.92736101977351, -19.41546925958087 ], [ 23.927450525759408, -19.417131105492164 ], [ 23.927511926463698, -19.419400176178744 ], [ 23.927512468407237, -19.421240102390904 ], [ 23.927371088855896, -19.424713055124645 ], [ 23.926945728893639, -19.428165092199894 ], [ 23.926353290542661, -19.431756087121027 ], [ 23.925578747621923, -19.435433531360992 ], [ 23.924481971324958, -19.43903644893528 ], [ 23.923070657484253, -19.442539479226816 ], [ 23.921728587788472, -19.445492678424351 ], [ 23.919737824878933, -19.449351647827502 ], [ 23.917365612517791, -19.453011500709945 ], [ 23.914633838210264, -19.456438416036253 ], [ 23.911567716606918, -19.459600721198516 ], [ 23.91002738195294, -19.460910993384314 ], [ 23.909082384057921, -19.461942503075797 ], [ 23.905649497002926, -19.465008233469888 ], [ 23.901910670819518, -19.467733222287432 ], [ 23.897903327175861, -19.470090169120226 ], [ 23.893667584256381, -19.472055456263043 ], [ 23.889245855041995, -19.473609386087752 ], [ 23.887553824668608, -19.474114233496898 ], [ 23.882648766783429, -19.475307189937027 ], [ 23.877636966620905, -19.475994045387235 ], [ 23.872690122330908, -19.476162962247621 ], [ 23.871633271281706, -19.476280569493436 ], [ 23.866984546230221, -19.476360369347088 ], [ 23.862350111111734, -19.476005265654738 ], [ 23.857775101575946, -19.475218702207041 ], [ 23.853304076046392, -19.474008325341057 ], [ 23.848980580546478, -19.4723859098217 ], [ 23.84484672340016, -19.470367244376344 ], [ 23.840942764007092, -19.467971977992413 ], [ 23.837306719751737, -19.465223428476722 ], [ 23.833973994923685, -19.462148355148994 ], [ 23.830977035304599, -19.458776697897903 ], [ 23.828345011817881, -19.455141285160671 ], [ 23.826103536343687, -19.451277513694865 ], [ 23.824274412477045, -19.447223003289089 ], [ 23.822875423654729, -19.443017229805932 ], [ 23.821920160700838, -19.438701140162596 ], [ 23.821417890445669, -19.434316753030249 ], [ 23.821373466662273, -19.429906749171032 ], [ 23.821403362539556, -19.429194364518924 ], [ 23.821816902013062, -19.424803603360647 ], [ 23.822684215699763, -19.42047283583976 ], [ 23.823996830890295, -19.416244172613773 ], [ 23.825741946371945, -19.412158727233919 ], [ 23.827902558428452, -19.408256216344075 ], [ 23.830457627607743, -19.404574573635667 ], [ 23.833382284580182, -19.401149581308495 ], [ 23.833652718933298, -19.400889977485889 ] ] ] } },
{ "type": "Feature", "properties": { "ID": null, "Name": "Maun", "Distance": "5km", "Type": "village" }, "geometry": { "type": "Polygon", "coordinates": [ [ [ 23.360000293875959, -20.075011745614685 ], [ 23.355626968833462, -20.073299058510123 ], [ 23.351456491823654, -20.071182350923298 ], [ 23.347530550613154, -20.068682771655212 ], [ 23.343888384850267, -20.065825297763702 ], [ 23.340566392989647, -20.062638484600829 ], [ 23.337597767873962, -20.059154179959997 ], [ 23.335012164647459, -20.055407205214216 ], [ 23.332835404340358, -20.051435006661695 ], [ 23.331089216093645, -20.047277280595942 ], [ 23.329791020593454, -20.042975575882469 ], [ 23.328953756859459, -20.03857287804934 ], [ 23.328585754085573, -20.034113179082915 ], [ 23.328690649769857, -20.029641037260397 ], [ 23.329267354898487, -20.025201131447005 ], [ 23.330310066470943, -20.020837814335668 ], [ 23.331807493498204, -20.015765892422468 ], [ 23.326429912259417, -20.005281923400645 ], [ 23.324640221965939, -20.001316302716209 ], [ 23.323262569583296, -19.997206278327116 ], [ 23.322309714569858, -19.992990002233604 ], [ 23.321790469520852, -19.988706610537651 ], [ 23.32170961943762, -19.984395859659141 ], [ 23.32206787853583, -19.980097756884842 ], [ 23.322861884948733, -19.975852188699857 ], [ 23.324084233325209, -19.971698550367762 ], [ 23.325723544968206, -19.967675380209268 ], [ 23.327764574809954, -19.963820001980437 ], [ 23.33018835417969, -19.96016817867098 ], [ 23.332972367990532, -19.956753780931532 ], [ 23.354270800424384, -19.933080055310949 ], [ 23.35756849400169, -19.929770489181948 ], [ 23.361204126014314, -19.926794429798878 ], [ 23.365140156896761, -19.924182576362359 ], [ 23.369335955266052, -19.921961866473431 ], [ 23.373748217370501, -19.92015519904745 ], [ 23.378331413749915, -19.918781198959167 ], [ 23.408328479740089, -19.911348184663321 ], [ 23.436004465245336, -19.896986581756451 ], [ 23.471665625145452, -19.87003978546387 ], [ 23.475201513187191, -19.867611622595799 ], [ 23.478959035303671, -19.865502481932062 ], [ 23.482906129257461, -19.863730344211373 ], [ 23.487009121117207, -19.862310313966233 ], [ 23.491233012267791, -19.861254491263217 ], [ 23.515436691570837, -19.856321553773057 ], [ 23.519776538022978, -19.855634837124338 ], [ 23.524164992828752, -19.855332663035309 ], [ 23.528564088764405, -19.855417633964773 ], [ 23.532935769103595, -19.855889002999508 ], [ 23.53724221599709, -19.85674268070823 ], [ 23.541446176732165, -19.857971270829733 ], [ 23.545511285087589, -19.859564134476472 ], [ 23.549402375042636, -19.861507482291891 ], [ 23.553085784164221, -19.8637844937621 ], [ 23.575849405819497, -19.879328574207381 ], [ 23.579436723181797, -19.882037367911515 ], [ 23.58272965842167, -19.885062302754456 ], [ 23.585697202486177, -19.888374896390779 ], [ 23.588311404665873, -19.891943958682756 ], [ 23.590547635625562, -19.895735884827435 ], [ 23.592384819428965, -19.899714971170166 ], [ 23.593805632372916, -19.903843750759052 ], [ 23.5947966667479, -19.908083345509844 ], [ 23.595348557962282, -19.912393831694853 ], [ 23.595456073802634, -19.91673461534257 ], [ 23.595118164950801, -19.921064814039433 ], [ 23.594337976236059, -19.925343641561437 ], [ 23.593122818465005, -19.929530791732539 ], [ 23.591484101039779, -19.933586817908964 ], [ 23.589437225942756, -19.937473504524299 ], [ 23.587001444030925, -19.941154227198776 ], [ 23.58419967494029, -19.944594298017925 ], [ 23.572202064880155, -19.957931084816185 ], [ 23.564536244527538, -19.983403401373732 ], [ 23.562900507441974, -19.987910906214122 ], [ 23.560766806214261, -19.992228366686497 ], [ 23.55815930568777, -19.996306786574952 ], [ 23.555107553315697, -20.000099876114245 ], [ 23.551646145689499, -20.003564577795792 ], [ 23.530462252880035, -20.022620949346052 ], [ 23.511588153196669, -20.042761149565777 ], [ 23.505721462965258, -20.062304919029355 ], [ 23.504281599770735, -20.066354082667864 ], [ 23.502439584618852, -20.070255064735953 ], [ 23.500212173251729, -20.073972304546228 ], [ 23.497619638151537, -20.077471912311712 ], [ 23.494685584854324, -20.080721978332388 ], [ 23.491436737700919, -20.083692864265121 ], [ 23.487902696943937, -20.086357473806501 ], [ 23.484115669399369, -20.088691500302023 ], [ 23.480110175080895, -20.090673649001314 ], [ 23.475922732483767, -20.092285831907777 ], [ 23.471591525389307, -20.093513333418972 ], [ 23.467156054239325, -20.094344945219625 ], [ 23.462656775279722, -20.094773069169577 ], [ 23.458134730792327, -20.094793787222393 ], [ 23.453631173822824, -20.094406897712933 ], [ 23.399136856173904, -20.087223831209286 ], [ 23.394397264194929, -20.086363673002868 ], [ 23.389774937107333, -20.085052213056485 ], [ 23.360000293875959, -20.075011745614685 ] ] ] } },
{ "type": "Feature", "properties": { "ID": null, "Name": "Shorobe", "Distance": "5km", "Type": "village" }, "geometry": { "type": "Polygon", "coordinates": [ [ [ 23.688342245358104, -19.814375913640706 ], [ 23.684222781412341, -19.816053295398969 ], [ 23.679953746765698, -19.817353485422348 ], [ 23.675573607895835, -19.818264754441287 ], [ 23.671121837381897, -19.818778877226062 ], [ 23.666638557494267, -19.81889120732783 ], [ 23.662164177767625, -19.818600719512091 ], [ 23.657739029860817, -19.817910019481161 ], [ 23.653403003036203, -19.816825320780502 ], [ 23.649195183588379, -19.815356389083515 ], [ 23.645153501517864, -19.813516454347894 ], [ 23.640897016657355, -19.811337401416473 ], [ 23.637100787566979, -19.809170040707073 ], [ 23.633535951000248, -19.806675422666647 ], [ 23.63023390106525, -19.803875512436957 ], [ 23.627223713616267, -19.800794964700568 ], [ 23.624531889797403, -19.797460906202517 ], [ 23.622182122463737, -19.793902696435385 ], [ 23.620195087547895, -19.790151668614289 ], [ 23.61866081492165, -19.786880595975532 ], [ 23.617000402931502, -19.782817494708198 ], [ 23.615765536563995, -19.778620732442658 ], [ 23.614967905049621, -19.774330139246509 ], [ 23.614615044497885, -19.769986433288491 ], [ 23.614710267550453, -19.765630833886004 ], [ 23.615252633265694, -19.761304669900202 ], [ 23.616236957470804, -19.757048987216006 ], [ 23.617653863429137, -19.752904159048558 ], [ 23.619489872285914, -19.748909502785214 ], [ 23.621727532377804, -19.745102907004739 ], [ 23.62434558612512, -19.741520472212308 ], [ 23.627319172872973, -19.738196168693236 ], [ 23.631177709279207, -19.73428558761173 ], [ 23.632044617795419, -19.733429978763933 ], [ 23.636634756823398, -19.729018076835768 ], [ 23.640066051477021, -19.726030209746153 ], [ 23.646860229010475, -19.720674813011328 ], [ 23.650352869094117, -19.718171847131071 ], [ 23.654075213037277, -19.715985994185768 ], [ 23.657995252322685, -19.71413603326566 ], [ 23.662079284532442, -19.71263785445085 ], [ 23.666292202867098, -19.711504322817269 ], [ 23.670346776182175, -19.710603411943438 ], [ 23.674913361576511, -19.709810608722332 ], [ 23.679540001129652, -19.709446164435768 ], [ 23.684182016048585, -19.709513584251198 ], [ 23.688794582385324, -19.710012202953465 ], [ 23.693333162758368, -19.710937191899816 ], [ 23.697753935228793, -19.712279606064449 ], [ 23.702014215245388, -19.714026470702979 ], [ 23.706072866640987, -19.716160906790968 ], [ 23.709890697766529, -19.718662294022057 ], [ 23.713430838988931, -19.721506469795116 ], [ 23.716659097953386, -19.72466596227839 ], [ 23.719544289217591, -19.728110255315237 ], [ 23.722058535103969, -19.731806082634154 ], [ 23.724722284504089, -19.736179585466136 ], [ 23.726910685322483, -19.740236802331843 ], [ 23.728651912326637, -19.74448373184147 ], [ 23.729927874332802, -19.74887632272991 ], [ 23.730725300993246, -19.753369010638384 ], [ 23.731035881668571, -19.757915190007605 ], [ 23.730856353107082, -19.762467696873227 ], [ 23.73018853496249, -19.766979297590645 ], [ 23.728959476394444, -19.773023378655754 ], [ 23.727967122750375, -19.776942648914144 ], [ 23.726606018285999, -19.780761438256931 ], [ 23.724887188131838, -19.784448728701278 ], [ 23.722824565087119, -19.787974567167034 ], [ 23.720434877376821, -19.791310308865846 ], [ 23.717737513607194, -19.794428850164909 ], [ 23.713156406825487, -19.7992630666004 ], [ 23.709955054891076, -19.802329898214932 ], [ 23.706456443041073, -19.80509069039439 ], [ 23.702693078674518, -19.807519766001356 ], [ 23.698699937155549, -19.809594529171942 ], [ 23.688342245358104, -19.814375913640706 ] ] ] } },
{ "type": "Feature", "properties": { "ID": null, "Name": "Sankyo", "Distance": "10km", "Type": "village" }, "geometry": { "type": "Polygon", "coordinates": [ [ [ 23.793746662557776, -19.376636097272876 ], [ 23.793775051646197, -19.376581248302511 ], [ 23.795914231654706, -19.372812396465878 ], [ 23.80059201162841, -19.365443246758709 ], [ 23.80599391368575, -19.358534848624853 ], [ 23.81206984289442, -19.352151098630735 ], [ 23.818763489600627, -19.346351024537714 ], [ 23.826012853204663, -19.341188241155013 ], [ 23.833750817635433, -19.336710456674336 ], [ 23.841905773140823, -19.332959033961508 ], [ 23.850402278619665, -19.329968610761767 ], [ 23.859161758383138, -19.327766782223282 ], [ 23.868103226952382, -19.326373848564106 ], [ 23.877144035274224, -19.3258026301062 ], [ 23.886200631570876, -19.326058351282015 ], [ 23.895189329931284, -19.327138594589531 ], [ 23.895723236910651, -19.327227695490212 ], [ 23.904723667647023, -19.329165318345517 ], [ 23.913481201399691, -19.33192940105284 ], [ 23.921911886618844, -19.335493393369674 ], [ 23.929934900258566, -19.339823080571037 ], [ 23.937473318497208, -19.344876911564366 ], [ 23.94445485060864, -19.350606396802938 ], [ 23.950812529123478, -19.356956572217374 ], [ 23.956485349810176, -19.363866524774295 ], [ 23.957078913871573, -19.364667540568547 ], [ 23.961587826566461, -19.371366224594688 ], [ 23.96545231337263, -19.378418358903737 ], [ 23.96864178839483, -19.385768243434541 ], [ 23.971130983437767, -19.393357823461415 ], [ 23.972900149247213, -19.401127146538602 ], [ 23.973197747421739, -19.402788683735064 ], [ 23.97440577771286, -19.413182332223951 ], [ 23.97449575044816, -19.414843962982104 ], [ 23.974619858203184, -19.419381547761134 ], [ 23.974620941965625, -19.421221261134423 ], [ 23.974340288375856, -19.42816644126761 ], [ 23.973491755479117, -19.435069959111114 ], [ 23.972900472687193, -19.438660709972527 ], [ 23.971353777719763, -19.446015203399256 ], [ 23.969162581949227, -19.453220867260359 ], [ 23.966342210582525, -19.460226985229301 ], [ 23.965001077305043, -19.463180258090595 ], [ 23.9610219313236, -19.470898541666966 ], [ 23.956279582795737, -19.478218877409574 ], [ 23.950817729719915, -19.485073599950432 ], [ 23.944686738438499, -19.491399331040853 ], [ 23.943614774555293, -19.492311521243373 ], [ 23.943069581226432, -19.492906847780812 ], [ 23.936204731749982, -19.499039625590175 ], [ 23.928727447473999, -19.504491083305656 ], [ 23.920712556790793, -19.509206560648483 ], [ 23.912240304099249, -19.513138758586457 ], [ 23.903395546053037, -19.516248216652997 ], [ 23.901703224200798, -19.516753358113739 ], [ 23.891891179178263, -19.519140886095879 ], [ 23.881865184873799, -19.520516034342485 ], [ 23.876420814007449, -19.520702600542176 ], [ 23.874813746900116, -19.520881594609587 ], [ 23.865513730090939, -19.521042247039357 ], [ 23.856242116161642, -19.520332835078118 ], [ 23.847089283438606, -19.518760215487614 ], [ 23.83814445846777, -19.516339661403038 ], [ 23.829494841367975, -19.513094714841127 ], [ 23.821224751004078, -19.509056958041231 ], [ 23.813414798546503, -19.504265705850234 ], [ 23.806141097692954, -19.498767622158748 ], [ 23.799474519447447, -19.492616264162788 ], [ 23.79347999888596, -19.48587155895331 ], [ 23.788215900793173, -19.478599217617205 ], [ 23.783733450437591, -19.470870092660871 ], [ 23.780076235070808, -19.462759485133482 ], [ 23.777279780999141, -19.454346408326355 ], [ 23.775371210291922, -19.445712815351943 ], [ 23.774368980369321, -19.436942798256464 ], [ 23.774282708863886, -19.428121766590909 ], [ 23.774312820956357, -19.427409309177545 ], [ 23.775142640017528, -19.418627021572267 ], [ 23.776880066548788, -19.409965008848552 ], [ 23.7795080467736, -19.401507510648258 ], [ 23.783000871941049, -19.393336760589914 ], [ 23.787324434419673, -19.385532186431483 ], [ 23.792436565081776, -19.378169638205812 ], [ 23.793746662557776, -19.376636097272876 ] ] ] } },
{ "type": "Feature", "properties": { "ID": null, "Name": "Maun", "Distance": "10km", "Type": "village" }, "geometry": { "type": "Polygon", "coordinates": [ [ [ 23.282142856930193, -20.021102027710583 ], [ 23.280234923855467, -20.016872105380074 ], [ 23.277481205583083, -20.00865058873719 ], [ 23.275577493958092, -20.000216689316126 ], [ 23.274541339869444, -19.991648729027258 ], [ 23.274382226634536, -19.983026264069405 ], [ 23.275101486841344, -19.974429344444829 ], [ 23.276692295308589, -19.965937769334417 ], [ 23.279139738031688, -19.95763034531107 ], [ 23.282420956267227, -19.949584154323965 ], [ 23.286505364209241, -19.941873838275352 ], [ 23.291354938033027, -19.934570906835983 ], [ 23.296924573432744, -19.927743074907969 ], [ 23.31822799341149, -19.904073225045497 ], [ 23.324824572889597, -19.897455337223509 ], [ 23.332096462723044, -19.891504649185773 ], [ 23.339968558343923, -19.886282500749466 ], [ 23.348359595779929, -19.881842703312973 ], [ 23.357182990584359, -19.878230988280254 ], [ 23.366347730204986, -19.875484539054295 ], [ 23.390695407540409, -19.869454489308023 ], [ 23.409677085112524, -19.859607386007269 ], [ 23.442151832894396, -19.835075607888786 ], [ 23.449223739573995, -19.830220685638267 ], [ 23.456738422954995, -19.826003873844154 ], [ 23.464631770902908, -19.822461084219629 ], [ 23.472836464099906, -19.819622475501156 ], [ 23.481282549097831, -19.817512198623728 ], [ 23.505480898823549, -19.81258297861848 ], [ 23.514158531223142, -19.811210795196146 ], [ 23.522933096371201, -19.810607522597817 ], [ 23.531728740434808, -19.810778328644442 ], [ 23.540469437584349, -19.811721689639487 ], [ 23.549079643757782, -19.813429405109783 ], [ 23.557484946044543, -19.815886669934994 ], [ 23.565612702226499, -19.819072203201667 ], [ 23.573392665100666, -19.822958432642285 ], [ 23.580757586336503, -19.827511733054646 ], [ 23.60351573560062, -19.843053124750259 ], [ 23.610688799332575, -19.848469711839904 ], [ 23.617273577758127, -19.85451836591383 ], [ 23.623208094126042, -19.861142167715563 ], [ 23.628436468908099, -19.86827878885185 ], [ 23.632909445004319, -19.875861076110265 ], [ 23.636584851694941, -19.883817680973575 ], [ 23.639428002976434, -19.892073728518252 ], [ 23.641412026494361, -19.900551519519787 ], [ 23.64251811989735, -19.909171259275791 ], [ 23.642735732081274, -19.917851806402798 ], [ 23.642062667464504, -19.92651143466631 ], [ 23.640505112130747, -19.935068600768378 ], [ 23.638077581388472, -19.943442710943966 ], [ 23.634802789020991, -19.9515548792088 ], [ 23.630711439231359, -19.959328670157241 ], [ 23.62584194301639, -19.96669081932972 ], [ 23.620240061425768, -19.973571924355397 ], [ 23.61490033874507, -19.979510338318917 ], [ 23.610051712384582, -19.995638818314884 ], [ 23.60678321127493, -20.004653841257703 ], [ 23.602518524304422, -20.013289141862721 ], [ 23.597305857655964, -20.021446710549842 ], [ 23.591204199941874, -20.029033934711197 ], [ 23.584282660136555, -20.035964651822059 ], [ 23.564565808999269, -20.053707698031442 ], [ 23.554193380956193, -20.064780704858983 ], [ 23.551276757546315, -20.074507340638608 ], [ 23.548399712456618, -20.082605668460609 ], [ 23.544718165612153, -20.09040792816074 ], [ 23.540265537729763, -20.097842987651983 ], [ 23.535082293471561, -20.104843046227455 ], [ 23.52921557703144, -20.111344253701482 ], [ 23.522718786106864, -20.117287294074981 ], [ 23.515651088001572, -20.122617928343416 ], [ 23.508076882164197, -20.127287491420233 ], [ 23.500065213992258, -20.131253338552028 ], [ 23.491689145213847, -20.134479237051288 ], [ 23.483025086595308, -20.13693569966323 ], [ 23.474152099106337, -20.138600256412833 ], [ 23.465151169999587, -20.139457662340067 ], [ 23.456104470525116, -20.139500039121764 ], [ 23.447094602197598, -20.138726949190705 ], [ 23.392583307888462, -20.131547233142786 ], [ 23.383101142849366, -20.129827340092238 ], [ 23.373853583965122, -20.127204511759892 ], [ 23.344069696243885, -20.117163788883335 ], [ 23.335320391870489, -20.113738176337943 ], [ 23.326977079765488, -20.109504210541566 ], [ 23.319123229523825, -20.104504211395639 ], [ 23.311837398792111, -20.098788166874801 ], [ 23.305192444001797, -20.092413231722858 ], [ 23.299254789180431, -20.085443153965247 ], [ 23.29408376028254, -20.077947635074381 ], [ 23.289730991775144, -20.070001630305988 ], [ 23.286239911436137, -20.0616845963362 ], [ 23.283645308486371, -20.053079693863573 ], [ 23.281972989289212, -20.04427295329214 ], [ 23.281239523925951, -20.035352411976433 ], [ 23.281452086001956, -20.02640723178385 ], [ 23.282142856930193, -20.021102027710583 ] ] ] } },
{ "type": "Feature", "properties": { "ID": null, "Name": "Shorobe", "Distance": "10km", "Type": "village" }, "geometry": { "type": "Polygon", "coordinates": [ [ [ 23.709064520197725, -19.854569585570765 ], [ 23.700824560832107, -19.857925884437513 ], [ 23.692284996598516, -19.860527744218423 ], [ 23.683522814421526, -19.862351652933626 ], [ 23.67461702824577, -19.863381110662495 ], [ 23.665647963716005, -19.863606780817999 ], [ 23.656696530375189, -19.86302657659288 ], [ 23.647843488096374, -19.86164568171327 ], [ 23.639168714534669, -19.859476505242228 ], [ 23.63075048038808, -19.856538570787151 ], [ 23.622664739190519, -19.852858341075166 ], [ 23.618407047226444, -19.850679017758345 ], [ 23.610812538231233, -19.846343668813564 ], [ 23.603681183202738, -19.841353557981193 ], [ 23.597075829321231, -19.835752646559786 ], [ 23.591054672117032, -19.829590282494845 ], [ 23.58567074103631, -19.822920764049016 ], [ 23.580971431354733, -19.81580285958529 ], [ 23.576998086605446, -19.808299287773686 ], [ 23.575464226579395, -19.80502756975995 ], [ 23.572144656438628, -19.796899817373177 ], [ 23.569676640555123, -19.788504825321503 ], [ 23.568083492020399, -19.779922309147917 ], [ 23.567380202736341, -19.771233755328595 ], [ 23.567573305785157, -19.762521645491582 ], [ 23.568660818701261, -19.753868671604007 ], [ 23.570632267983523, -19.745356949661119 ], [ 23.573468794399158, -19.737067239405977 ], [ 23.577143337856167, -19.729078177530177 ], [ 23.581620899866589, -19.721465531654761 ], [ 23.586858880895292, -19.7143014821701 ], [ 23.592807489195053, -19.707653938725095 ], [ 23.59666676008192, -19.703744077574445 ], [ 23.598400884212346, -19.702033186263371 ], [ 23.602991776955946, -19.697622155547876 ], [ 23.609855175864933, -19.691647753823112 ], [ 23.616649864651112, -19.686293697265668 ], [ 23.623635407172458, -19.68128915052575 ], [ 23.631079864342766, -19.676918910588423 ], [ 23.638919227120812, -19.673220485609452 ], [ 23.647086115197943, -19.670225604658043 ], [ 23.655510355197684, -19.667959947462229 ], [ 23.659564077946271, -19.667059680455313 ], [ 23.6686951584038, -19.665475434529242 ], [ 23.677946016348933, -19.664747720946171 ], [ 23.687227387093106, -19.664883504826008 ], [ 23.696449724786568, -19.665881419324212 ], [ 23.705524061969179, -19.6677317809466 ], [ 23.714362863226121, -19.670416684657315 ], [ 23.722880864932122, -19.673910177801144 ], [ 23.730995893205073, -19.678178511123924 ], [ 23.738629652395279, -19.68318046445502 ], [ 23.745708476706898, -19.688867743920373 ], [ 23.752164037882306, -19.695185446889298 ], [ 23.757934002274602, -19.702072590227619 ], [ 23.76296263108658, -19.70946269684012 ], [ 23.765626618560564, -19.713835292082734 ], [ 23.770004142680314, -19.721948073717599 ], [ 23.773487880912366, -19.730440299928603 ], [ 23.77604159823241, -19.739223935872069 ], [ 23.777638680123733, -19.748207917001139 ], [ 23.778262413338375, -19.757299090174197 ], [ 23.777906165035386, -19.766403176818169 ], [ 23.776573458204965, -19.775425748303785 ], [ 23.775346391537276, -19.781469511086268 ], [ 23.773364279563641, -19.789307763735309 ], [ 23.77064458084314, -19.796945317378619 ], [ 23.767209263944228, -19.804320136954242 ], [ 23.763086118126921, -19.81137230859834 ], [ 23.758308531357866, -19.818044526667201 ], [ 23.752915222469863, -19.824282559984738 ], [ 23.748335095692084, -19.829117621341009 ], [ 23.74193344694898, -19.835252505860812 ], [ 23.734936762463413, -19.840775477561753 ], [ 23.727410036767729, -19.845635130417808 ], [ 23.719423220333169, -19.849786216681984 ], [ 23.709064520197725, -19.854569585570765 ] ] ] } }
]
}
