{
"type": "FeatureCollection",
"name": "NG_Roads",
"crs": { "type": "name", "properties": { "name": "urn:ogc:def:crs:EPSG::3857" } },
"features": [
{ "type": "Feature", "properties": { "ID": 0, "LENGTH": 29906.0, "TYP": "Tarred Road", "SOURCE": "GPS Survey", "DATE_SOURC": "August 2002", "CREATOR": "TM", "DATE_CREAT": "02/09/2002", "LOCATION": null, "ACCESS": null }, "geometry": { "type": "MultiLineString", "coordinates": [ [ [ 2616115.183120843023062, -2266669.516052704770118 ], [ 2616365.085004797205329, -2266477.008981821592897 ], [ 2616574.917736103758216, -2266312.085686700418591 ], [ 2616810.375267346855253, -2266140.305853489786386 ], [ 2616886.396285676397383, -2266061.5132139143534 ], [ 2617057.152683457359672, -2265864.821979582775384 ], [ 2617208.22809340339154, -2265642.544838427100331 ], [ 2617270.517904399428517, -2265505.72359102871269 ], [ 2617357.857090247329324, -2265323.232114523183554 ], [ 2617431.852088214829564, -2265108.590331649407744 ], [ 2617485.495217443443835, -2264823.082571661565453 ], [ 2617529.264796659816056, -2264576.5495367012918 ], [ 2617577.148917092010379, -2264336.428034223150462 ], [ 2617638.277846089564264, -2264121.990882687270641 ], [ 2617719.466776537708938, -2263959.014850713312626 ], [ 2617794.80168877588585, -2263834.948728172108531 ], [ 2617889.715424781199545, -2263729.998026794288307 ], [ 2618035.395585734862834, -2263578.992714785039425 ], [ 2618194.222849477082491, -2263447.199216875247657 ], [ 2618466.474215835798532, -2263158.417406605556607 ], [ 2618713.287119197659194, -2262889.430286798626184 ], [ 2619149.894480610731989, -2262410.548048694618046 ], [ 2619446.480257978197187, -2262030.830906762275845 ], [ 2619792.456206975039095, -2261514.515385650098324 ], [ 2620114.591307485476136, -2261071.347675645258278 ], [ 2620270.03512282948941, -2260887.856720241717994 ], [ 2620401.666425509378314, -2260746.129144066944718 ], [ 2620539.06010633893311, -2260645.715360467787832 ], [ 2620691.882123136892915, -2260545.066552117001265 ], [ 2620819.841396188363433, -2260501.720999535638839 ], [ 2620927.771619469858706, -2260494.904734240379184 ], [ 2621040.144495966378599, -2260441.444699287414551 ], [ 2621209.403167613781989, -2260407.818387283943594 ], [ 2621342.658942372538149, -2260374.739080804400146 ], [ 2621485.810945723671466, -2260315.633184472098947 ], [ 2621593.73921027360484, -2260308.813277374021709 ], [ 2621813.568582375068218, -2260217.486219013575464 ], [ 2621905.598561751656234, -2260179.857432415708899 ], [ 2622186.438574035651982, -2260041.021671167574823 ], [ 2622446.233090281486511, -2259871.455849521327764 ], [ 2622871.384916326962411, -2259538.939947845879942 ], [ 2623318.62919640680775, -2259180.20974339498207 ], [ 2623730.092748275026679, -2258837.550049769226462 ], [ 2624156.654377327766269, -2258473.959324970841408 ], [ 2624480.586179859470576, -2258127.469677650835365 ], [ 2624667.70878239441663, -2257917.618388129398227 ], [ 2624925.409067010041326, -2257656.232434539590031 ], [ 2625263.872346661053598, -2257252.608412424568087 ], [ 2625979.442673491314054, -2256284.387155373580754 ], [ 2626448.223691900260746, -2255661.469318874645978 ], [ 2626836.531461162026972, -2255158.799008407164365 ], [ 2627082.180570077616721, -2254870.454511707648635 ], [ 2627395.557086798828095, -2254513.808812056668103 ], [ 2627704.25717972451821, -2254188.277083734981716 ], [ 2628058.660797736607492, -2253825.825077112298459 ], [ 2628463.347141929902136, -2253390.170740670990199 ], [ 2628802.298470211215317, -2253027.963181780651212 ], [ 2629018.973493340890855, -2252740.08301368355751 ], [ 2629376.4711993066594, -2252248.275645331013948 ], [ 2629906.352139539085329, -2251350.336222885176539 ], [ 2630256.823222880717367, -2250739.703133816365153 ], [ 2630422.450437528081238, -2250478.505349313374609 ], [ 2630694.333789009135216, -2250107.033913000486791 ], [ 2630977.047533234581351, -2249771.600114549510181 ], [ 2631639.178100887686014, -2248915.628309497144073 ], [ 2631955.987137763760984, -2248460.724242569878697 ], [ 2632106.235051420051605, -2248204.960462967865169 ], [ 2632276.715083207935095, -2247928.195497265085578 ], [ 2632380.298842234537005, -2247647.315603727474809 ], [ 2632616.373240525368601, -2247291.956663647200912 ], [ 2632868.259218065999448, -2246962.208285788074136 ], [ 2633086.15583084942773, -2246719.612987733446062 ] ], [ [ 2633079.732026600278914, -2246719.714323960244656 ], [ 2633447.26909354981035, -2246390.730707409791648 ], [ 2633923.589283137582242, -2246034.173031778074801 ], [ 2634209.412855436094105, -2245822.821455792058259 ], [ 2634648.175725978799164, -2245531.485727002844214 ], [ 2634972.015955580864102, -2245287.211320996284485 ], [ 2635143.314133775886148, -2245148.766827324870974 ], [ 2635265.227915392257273, -2244985.254299821797758 ], [ 2635334.698933029547334, -2244806.417857195716351 ], [ 2635443.42484930716455, -2244570.40891924733296 ], [ 2635552.78249840112403, -2244374.785342470742762 ], [ 2635701.900011787656695, -2244154.295866357628256 ], [ 2635812.065216994844377, -2244010.364165027625859 ], [ 2636032.39066490996629, -2243722.50278891203925 ], [ 2636448.146101370453835, -2243198.882989934645593 ], [ 2636536.025565333198756, -2243068.235176150687039 ] ] ] } },
{ "type": "Feature", "properties": { "ID": 0, "LENGTH": 17396.0, "TYP": "Gravel Road", "SOURCE": "GPS Survey", "DATE_SOURC": "August 2002", "CREATOR": "TM", "DATE_CREAT": "02/09/2002", "LOCATION": null, "ACCESS": null }, "geometry": { "type": "MultiLineString", "coordinates": [ [ [ 2636568.588819970842451, -2243043.035722715314478 ], [ 2636946.689783199224621, -2242571.609956352971494 ], [ 2637433.830076360609382, -2242007.958524510730058 ], [ 2637610.505138664506376, -2241803.473587285261601 ], [ 2637721.026424586772919, -2241641.413239466026425 ], [ 2637817.191996432375163, -2241546.802433175034821 ], [ 2637939.458491371944547, -2241477.627613458782434 ], [ 2638103.078743855003268, -2241423.302292074542493 ], [ 2638230.809189934749156, -2241374.721240772865713 ], [ 2638383.659134972374886, -2241289.542805654928088 ], [ 2638514.397623692639172, -2241106.477040190249681 ], [ 2638654.427921533584595, -2240861.217264864128083 ], [ 2638967.474821239709854, -2240304.254141156096011 ], [ 2639142.3960509612225, -2239991.229209153912961 ], [ 2639267.078774920664728, -2239751.397436294239014 ], [ 2639391.922518338542432, -2239521.905987167730927 ], [ 2639471.998516166117042, -2239386.196998240426183 ], [ 2639582.983481926377863, -2239255.162086114287376 ], [ 2639719.41061851195991, -2239108.20867717359215 ], [ 2639860.727097955532372, -2238945.666992004960775 ], [ 2639986.463230224791914, -2238773.036858262494206 ], [ 2640151.98428077576682, -2238517.050038875546306 ], [ 2640366.081448038574308, -2238084.512808492872864 ], [ 2640537.680449282750487, -2237847.821062962990254 ], [ 2640708.983177114743739, -2237633.106622025836259 ], [ 2640795.333186076954007, -2237569.67972727958113 ], [ 2640958.744963917415589, -2237505.0093516362831 ], [ 2641270.235230000223964, -2237381.082777793053538 ], [ 2641883.340116353705525, -2237159.224323388654739 ], [ 2642128.196998519357294, -2237046.703791378997266 ], [ 2642429.478200997691602, -2236928.097090245224535 ], [ 2642678.018433029297739, -2236787.71073619229719 ], [ 2642866.319637623149902, -2236632.237291167024523 ], [ 2643014.487202231306583, -2236423.787451882380992 ], [ 2643296.878803466912359, -2236012.763742734212428 ], [ 2643549.482554279267788, -2235691.135337915737182 ], [ 2643738.690210105385631, -2235462.267900114879012 ], [ 2644006.489060350693762, -2235105.118263117969036 ], [ 2644109.115052248816937, -2234944.69361290242523 ], [ 2644603.967831067275256, -2234288.399887515231967 ], [ 2645128.862112465314567, -2233567.250652115326375 ], [ 2645430.755314430687577, -2233153.125224976334721 ], [ 2645653.775304887443781, -2232849.645280882716179 ], [ 2646410.620548704173416, -2231814.331536984071136 ], [ 2646603.653465130832046, -2231555.445860074367374 ], [ 2647480.167548751924187, -2230372.722165980841964 ], [ 2647872.279476325493306, -2229851.570349982939661 ], [ 2648338.144083551131189, -2229233.770475887227803 ] ] ] } },
{ "type": "Feature", "properties": { "ID": 0, "LENGTH": 1852.0, "TYP": "Main Track", "SOURCE": "GPS Survey", "DATE_SOURC": "August 2002", "CREATOR": "TM", "DATE_CREAT": "02/09/2002", "LOCATION": null, "ACCESS": null }, "geometry": { "type": "MultiLineString", "coordinates": [ [ [ 2648338.144083551131189, -2229233.770475887227803 ], [ 2648682.506022228859365, -2228765.712857842911035 ], [ 2649041.002542350441217, -2228273.092986444476992 ], [ 2649376.016418443061411, -2227839.861199982929975 ], [ 2649518.981415460817516, -2227654.37791329016909 ] ] ] } },
{ "type": "Feature", "properties": { "ID": 0, "LENGTH": 56644.0, "TYP": "Main Track", "SOURCE": "GPS Survey", "DATE_SOURC": "August 2002", "CREATOR": "TM", "DATE_CREAT": "02/09/2002", "LOCATION": null, "ACCESS": null }, "geometry": { "type": "MultiLineString", "coordinates": [ [ [ 2649518.981415460817516, -2227654.37791329016909 ], [ 2649712.552584486082196, -2227538.111287069506943 ], [ 2649860.626640553120524, -2227329.193870609160513 ], [ 2650055.220194509718567, -2226976.949280262459069 ], [ 2650134.733105751220137, -2226759.339509535115212 ], [ 2650205.438765574712306, -2226600.866198942996562 ], [ 2650314.500559521839023, -2226397.518118029460311 ], [ 2650395.375936729833484, -2226263.456983637530357 ], [ 2650446.057655028067529, -2225963.996826611924917 ], [ 2650510.58666687970981, -2225726.984064956661314 ], [ 2650561.666391186416149, -2225563.928349645342678 ], [ 2650700.51134840445593, -2225389.588888966478407 ], [ 2650901.406840644776821, -2225125.746139355003834 ], [ 2651078.920626141130924, -2224926.191251154057682 ], [ 2651155.061710306443274, -2224802.047514902427793 ], [ 2651196.848376957233995, -2224668.643834213726223 ], [ 2651229.187636646907777, -2224555.058482620865107 ], [ 2651286.271668786648661, -2224460.723600628785789 ], [ 2651338.712551827542484, -2224381.211550783365965 ], [ 2651348.379101165570319, -2224263.088989776093513 ], [ 2651376.638545725494623, -2224198.724234268534929 ], [ 2651408.734572399407625, -2224070.400521795731038 ], [ 2651446.117580126039684, -2223966.564776067622006 ], [ 2651487.981567325536162, -2223838.080526461824775 ], [ 2651539.936338246334344, -2223729.0892368205823 ], [ 2651596.291213798802346, -2223590.535923093091697 ], [ 2651696.604051831178367, -2223451.2535135820508 ], [ 2651835.908784222789109, -2223306.409069881774485 ], [ 2651994.748328995890915, -2223161.240286319516599 ], [ 2652124.684026973322034, -2223041.125632132869214 ], [ 2652182.244268791284412, -2222976.277061767410487 ], [ 2652216.87724886322394, -2222943.263853451237082 ], [ 2652216.101821745745838, -2222896.095584818627685 ], [ 2652238.511960872448981, -2222832.814721583388746 ], [ 2652244.969764532521367, -2222750.140920135658234 ], [ 2652255.593295358587056, -2222683.124962741974741 ], [ 2652262.374000554904342, -2222620.104796627070755 ], [ 2652276.904623043257743, -2222553.024407853838056 ], [ 2652284.266876243520528, -2222525.38010390335694 ], [ 2652322.369916070252657, -2222465.771078226156533 ], [ 2652341.00137129984796, -2222410.417851310689002 ], [ 2652351.951338706538081, -2222333.568614203017205 ], [ 2652389.73071825504303, -2222254.307508836034685 ], [ 2652420.018690500408411, -2222194.829254913143814 ], [ 2652485.405940683092922, -2222130.835490882862359 ], [ 2652569.940627898555249, -2222042.933540259487927 ], [ 2652692.769562833942473, -2221907.215510615613312 ], [ 2652727.351225947961211, -2221871.255825627595186 ], [ 2652854.861311372835189, -2221782.638393715023994 ], [ 2652951.437387600541115, -2221714.193538230843842 ], [ 2653028.54248278727755, -2221650.004600254353136 ], [ 2653101.48099358426407, -2221570.159173052292317 ], [ 2653135.608073799405247, -2221506.686869940254837 ], [ 2653174.119370718486607, -2221383.187330639921129 ], [ 2653203.885602756869048, -2221292.268487103283405 ], [ 2653261.259131758008152, -2221216.615025965962559 ], [ 2653353.405835374258459, -2221116.793647334910929 ], [ 2653457.272032274864614, -2221016.776777652557939 ], [ 2653510.996241947636008, -2220956.910211861133575 ], [ 2653580.412418121937662, -2220900.713135799393058 ], [ 2653642.208824883215129, -2220856.437053690198809 ], [ 2653692.738473715726286, -2220839.86819457821548 ], [ 2653750.692385898437351, -2220799.58733553532511 ], [ 2653838.668149895500392, -2220684.110804549884051 ], [ 2653945.055844872258604, -2220529.997540883719921 ], [ 2654036.432932828553021, -2220383.998147918377072 ], [ 2654086.182026915252209, -2220320.26763805700466 ], [ 2654100.964931575581431, -2220268.915092855226249 ], [ 2654111.776226666290313, -2220213.698082297109067 ], [ 2654138.21427643019706, -2220158.219893955625594 ], [ 2654157.033636136911809, -2220114.662651573773474 ], [ 2654214.010608242824674, -2220015.431723772548139 ], [ 2654240.448144281283021, -2219959.954036456998438 ], [ 2654246.832922950387001, -2219873.362947760149837 ], [ 2654245.339579068124294, -2219782.973078714217991 ], [ 2654210.38633213751018, -2219559.487334643024951 ], [ 2654216.901186084374785, -2219480.757977988105267 ], [ 2654235.395301489625126, -2219417.552731354255229 ], [ 2654285.011506835930049, -2219345.96532240556553 ], [ 2654373.302998654544353, -2219250.145748707465827 ], [ 2654512.81932889809832, -2219091.557061088271439 ], [ 2654616.799098622985184, -2218999.406367226969451 ], [ 2654693.043014591559768, -2218884.134495864622295 ], [ 2654726.575707553885877, -2218785.301356649026275 ], [ 2654771.892342322971672, -2218690.202421476133168 ], [ 2654794.225518086925149, -2218623.004384506959468 ], [ 2654850.545242019928992, -2218484.483146647457033 ], [ 2654923.139754058327526, -2218384.997947638854384 ], [ 2654987.921012302860618, -2218285.643936686683446 ], [ 2655103.222823550924659, -2218169.721167248208076 ], [ 2655130.046145122963935, -2218137.825978368055075 ], [ 2655164.68171872291714, -2218105.799797317478806 ], [ 2655210.580554384738207, -2218046.070110406726599 ], [ 2655321.973349392879754, -2217930.21316933631897 ], [ 2655459.666036467533559, -2217751.025078138802201 ], [ 2655528.80463763512671, -2217679.114317222032696 ], [ 2655647.810162661597133, -2217551.338667123112828 ], [ 2655835.657614765223116, -2217363.44962631072849 ], [ 2655973.798178231343627, -2217211.770163128618151 ], [ 2656131.596902489196509, -2217067.621895543299615 ], [ 2656204.766933672595769, -2217003.504839791916311 ], [ 2656284.639038295485079, -2216872.457838699221611 ], [ 2656352.531264142598957, -2216725.891246780287474 ], [ 2656397.574577066581696, -2216615.082973386161029 ], [ 2656465.791658909060061, -2216488.164395034313202 ], [ 2656522.029318969231099, -2216345.726739677134901 ], [ 2656589.06926251295954, -2216148.084286916069686 ], [ 2656645.305187026038766, -2216005.648915679659694 ], [ 2656655.651121345348656, -2215922.939787332899868 ], [ 2656689.496726392302662, -2215843.765972208231688 ], [ 2656789.482180024962872, -2215542.40744311735034 ], [ 2656831.134535195305943, -2215404.151765890419483 ], [ 2656910.454121228307486, -2215181.749011125415564 ], [ 2656961.542258007451892, -2215023.686938941478729 ], [ 2657045.169506926555187, -2214766.828342775348574 ], [ 2657120.011338427197188, -2214569.070091342553496 ], [ 2657175.978670918382704, -2214410.930590264964849 ], [ 2657222.975666123908013, -2214263.99628010392189 ], [ 2657274.795287450775504, -2214150.139890965539962 ], [ 2657349.960118805989623, -2213972.03121334547177 ], [ 2657363.297301962971687, -2213893.210331061389297 ], [ 2657356.944591071456671, -2213804.896915133111179 ], [ 2657321.220662976615131, -2213712.166471558623016 ], [ 2657206.656696422491223, -2213576.55381171265617 ], [ 2656992.912634564097971, -2213349.279047870542854 ], [ 2656833.441010134294629, -2213155.476302555762231 ], [ 2656708.713337038177997, -2212995.474385973531753 ], [ 2656479.767575635109097, -2212734.070669166743755 ], [ 2656270.597644070163369, -2212487.071011237800121 ], [ 2656131.154009997379035, -2212322.404741546604782 ], [ 2656091.208857500459999, -2212269.043673020787537 ], [ 2656055.657143838703632, -2212186.137898680288345 ], [ 2656019.292638755403459, -2212054.127557818312198 ], [ 2655993.016721758060157, -2211904.757712351623923 ], [ 2655956.653419783804566, -2211772.748927434906363 ], [ 2655925.334394670557231, -2211650.480119036510587 ], [ 2655898.7344910511747, -2211518.309395856689662 ], [ 2655857.491761894896626, -2211386.384721957147121 ], [ 2655830.811570174992085, -2211249.305352764669806 ], [ 2655809.094295660033822, -2211117.055449459236115 ], [ 2655787.945684835314751, -2211019.177724396344274 ], [ 2655725.395132408011705, -2210779.558987444266677 ], [ 2655689.036763671319932, -2210647.55701313726604 ], [ 2655662.76544262515381, -2210535.032723391894251 ], [ 2655680.503057514782995, -2210426.684254745952785 ], [ 2655712.639531188644469, -2210303.361395407002419 ], [ 2655735.095193368848413, -2210185.112519973423332 ], [ 2655746.652800017036498, -2209998.28832030761987 ], [ 2655764.065137884579599, -2209870.303211960941553 ], [ 2655800.026008842047304, -2209683.073674481362104 ], [ 2655883.92060849443078, -2209405.415032338816673 ], [ 2655953.880972157232463, -2209207.798716037068516 ], [ 2656024.512379989027977, -2208977.023572206497192 ], [ 2656066.324826166965067, -2208848.636930206790566 ], [ 2656093.901849634479731, -2208745.044294912368059 ], [ 2656135.226292119827121, -2208587.201493435539305 ], [ 2656191.191132484469563, -2208429.114834071137011 ], [ 2656270.906508904416114, -2208231.344860007986426 ], [ 2656340.860356048680842, -2208033.740257225465029 ], [ 2656391.535903013311327, -2207851.192764717154205 ], [ 2656442.373332514893264, -2207678.465601797681302 ], [ 2656506.793674706015736, -2207441.673990791197866 ], [ 2656533.473226553760469, -2207284.08698040433228 ], [ 2656559.908797065261751, -2207111.773654749616981 ], [ 2656613.266545857302845, -2206796.606364594772458 ], [ 2656654.809300263412297, -2206541.794783853925765 ], [ 2656681.893725839443505, -2206408.760303156916052 ], [ 2656727.521542087662965, -2206216.491942249704152 ], [ 2656759.566124489530921, -2206088.286842888686806 ], [ 2656782.66410403791815, -2206009.335195224266499 ], [ 2656824.955316356383264, -2205910.421217591036111 ], [ 2656901.566042718477547, -2205820.752922831103206 ], [ 2657017.537963892798871, -2205750.06560732703656 ], [ 2657254.44029782153666, -2205613.517061409074813 ], [ 2657393.993037472013384, -2205493.331491083838046 ], [ 2657528.827458188403398, -2205383.045306384097785 ], [ 2657634.057692110072821, -2205253.616057538427413 ], [ 2657695.290375247132033, -2205120.016360781155527 ], [ 2657746.111587959341705, -2204947.312497652135789 ], [ 2657832.869743736926466, -2204587.429949820972979 ], [ 2657879.461760903242975, -2204454.080644932575524 ], [ 2657917.110027383081615, -2204369.980724692810327 ], [ 2658016.964403273072094, -2204211.188560085371137 ], [ 2658210.469873866997659, -2203850.997222378849983 ], [ 2658331.522917739115655, -2203617.22544763982296 ], [ 2658426.034490953665227, -2203431.034549310337752 ], [ 2658528.285535704344511, -2203240.787160513922572 ], [ 2658611.541648347862065, -2203082.281714502256364 ], [ 2658694.796625043731183, -2202923.777484061196446 ], [ 2658744.229681036900729, -2202844.394288499373943 ], [ 2658881.889129124581814, -2202582.860604672227055 ], [ 2659019.041117001324892, -2202320.356543975416571 ], [ 2659113.590055869426578, -2202137.121095152571797 ], [ 2659255.532940550707281, -2201869.632238768506795 ], [ 2659430.394652899354696, -2201527.955147766042501 ], [ 2659674.366674365010113, -2201051.348210990894586 ], [ 2659749.882423914503306, -2200897.89744232641533 ], [ 2659825.233274658210576, -2200734.632764091249555 ], [ 2659929.279010302387178, -2200536.52321201376617 ], [ 2659976.586658691521734, -2200447.366286649834365 ], [ 2660085.098109091166407, -2200224.640237711369991 ], [ 2660203.609166032169014, -2200016.473345241043717 ], [ 2660388.032412566710263, -2199664.845503871329129 ], [ 2660695.992558451835066, -2199114.795897917356342 ], [ 2660870.562562682665884, -2198758.440010791178793 ], [ 2660996.746502348221838, -2198463.03462406527251 ], [ 2661071.504972459282726, -2198265.440496813505888 ], [ 2661175.773297311272472, -2198082.07303310977295 ], [ 2661245.733487442601472, -2197889.471887414343655 ], [ 2661297.825259455479681, -2197795.336142661515623 ], [ 2661335.037910170853138, -2197686.728786352556199 ], [ 2661396.472793475724757, -2197567.895629449747503 ], [ 2661462.29151951149106, -2197419.540869979653507 ], [ 2661519.011887205764651, -2197310.604823602829129 ], [ 2661595.240787221118808, -2197201.338876155670732 ], [ 2661598.803413521964103, -2197122.752128297463059 ], [ 2661617.244112099055201, -2197058.637158850207925 ], [ 2661635.5205830167979, -2196984.709433955140412 ], [ 2661686.786567082628608, -2196841.513318986166269 ], [ 2661757.149540897924453, -2196673.45565339922905 ], [ 2661860.171297434251755, -2196416.506661354098469 ], [ 2661948.806414382066578, -2196174.527849338948727 ], [ 2662096.345195394009352, -2195808.863682308234274 ], [ 2662241.960665627382696, -2195401.525206320919096 ], [ 2662399.351336838211864, -2194969.458526713773608 ], [ 2662560.877012008335441, -2194420.784819417633116 ], [ 2662726.925515779294074, -2193914.986019430216402 ], [ 2662773.116516767069697, -2193760.856888231821358 ], [ 2662837.078329947311431, -2193575.758687274064869 ], [ 2662865.702421940397471, -2193464.866139673162252 ], [ 2662906.002243427559733, -2193323.107881882227957 ], [ 2662947.125058664008975, -2193230.405152827501297 ], [ 2662999.511438854504377, -2193082.30970815056935 ], [ 2663034.229429529514164, -2192971.316257014870644 ], [ 2663091.371221977751702, -2192743.407214268110693 ], [ 2663068.864947917871177, -2192492.320719541516155 ], [ 2663100.802383280359209, -2192215.779330894816667 ], [ 2663129.218174016103148, -2192092.63166054431349 ], [ 2663137.804999872576445, -2191877.824267578311265 ], [ 2663176.453931444790214, -2191637.97610478522256 ], [ 2663197.333085583522916, -2191429.097966387867928 ], [ 2663275.375607434660196, -2190766.95155189698562 ], [ 2663331.173461807891726, -2190459.365914926864207 ], [ 2663353.080494110006839, -2190311.809485198464245 ], [ 2663380.669919609092176, -2190139.627283868845552 ], [ 2663402.267847831826657, -2189973.680792892817408 ], [ 2663424.174496168736368, -2189826.127979105338454 ], [ 2663456.210427658166736, -2189555.755637695547193 ], [ 2663506.425234067253768, -2189278.945946348365396 ], [ 2663527.301625679712743, -2189070.093434148002416 ], [ 2663587.129492958076298, -2188639.823650412727147 ], [ 2663624.845575272105634, -2188344.843265150673687 ], [ 2663729.117977202869952, -2187521.397698653396219 ], [ 2663764.568138525355607, -2187091.576534919906408 ], [ 2663800.429512440692633, -2186686.284083280246705 ], [ 2663821.509532107971609, -2186489.719019444193691 ], [ 2663837.11376681830734, -2186330.037176692858338 ], [ 2663859.736661893315613, -2186225.419549618847668 ], [ 2663862.846116639208049, -2186047.558350141625851 ], [ 2663873.180156186688691, -2185937.019712833222002 ], [ 2663877.72987843491137, -2185844.973664710298181 ], [ 2663918.749705546535552, -2185701.72628009179607 ], [ 2664001.374102293979377, -2185540.912445893511176 ], [ 2664120.553585787303746, -2185379.478488214313984 ], [ 2664179.52493174187839, -2185261.986151139717549 ], [ 2664203.175081130117178, -2185218.66684971563518 ], [ 2664262.351572941523045, -2185113.433801482431591 ], [ 2664399.083299077115953, -2184908.787272568326443 ], [ 2664554.605010498780757, -2184734.476939087267965 ], [ 2664758.245082910638303, -2184522.563608272466809 ], [ 2664860.78530261805281, -2184459.51011379621923 ], [ 2664993.064484471455216, -2184353.034625675529242 ], [ 2665113.57041564816609, -2184271.282612763810903 ], [ 2665252.76502136932686, -2184213.734132349956781 ], [ 2665338.069843446835876, -2184184.078905214555562 ], [ 2665360.935564118437469, -2184152.299991260748357 ], [ 2665419.421548895537853, -2184151.302716726437211 ], [ 2665470.373751491308212, -2184166.128158344421536 ], [ 2665559.523268518038094, -2184133.218429465778172 ], [ 2665653.166628178209066, -2184135.544202249031514 ], [ 2665727.248665825929493, -2184134.279813257977366 ], [ 2665801.065837873145938, -2184117.325122811365873 ], [ 2665882.548612835351378, -2184092.392327508423477 ], [ 2665944.734625388868153, -2184079.559415723197162 ], [ 2666026.614300944842398, -2184078.160701880697161 ], [ 2666132.02045849757269, -2184084.206680025439709 ], [ 2666194.272423564456403, -2184075.295473714359105 ], [ 2666241.060712667647749, -2184074.495691385120153 ], [ 2666298.6844711471349, -2184022.504048220813274 ], [ 2666339.362363480962813, -2183976.403330114670098 ], [ 2666362.714016801211983, -2183888.008388302754611 ], [ 2666377.448273623827845, -2183836.750442252494395 ], [ 2666414.780760352965444, -2183738.024093210697174 ], [ 2666432.883472037967294, -2183655.32111739879474 ], [ 2666466.117721038870513, -2183544.895350164268166 ], [ 2666510.584245789330453, -2183406.813933080993593 ], [ 2666521.684301864821464, -2183371.313143879640847 ], [ 2666540.177833018358797, -2183289.452007601037621 ], [ 2666605.735359347891062, -2183267.866407727822661 ], [ 2666687.014229483902454, -2183231.165021334774792 ], [ 2666713.841816741041839, -2183203.242176554631442 ], [ 2666771.727218927349895, -2183166.940873351413757 ], [ 2666829.745097157079726, -2183138.484042470343411 ], [ 2666890.828643826302141, -2183106.835899957455695 ], [ 2666954.895036323461682, -2183020.994318578857929 ], [ 2666991.420708478894085, -2182967.01124011632055 ], [ 2667062.148961454629898, -2182906.16523394593969 ], [ 2667111.096940350253135, -2182848.830839364789426 ], [ 2667148.100010377820581, -2182823.087689773645252 ], [ 2667185.262265669647604, -2182806.757727545686066 ], [ 2667200.272789341397583, -2182771.975499683525413 ], [ 2667209.045187211595476, -2182737.300237747840583 ], [ 2667249.166785181500018, -2182711.503637040033937 ], [ 2667298.432718051597476, -2182672.995747603010386 ], [ 2667375.024734357371926, -2182590.078851148486137 ], [ 2667451.403651941567659, -2182494.611573523841798 ], [ 2667487.767410469707102, -2182431.216426953673363 ], [ 2667505.789742465596646, -2182390.105925884097815 ], [ 2667539.30023582233116, -2182342.452718779910356 ], [ 2667570.010645415633917, -2182313.678978253155947 ], [ 2667607.012061981018633, -2182287.935768207069486 ], [ 2667650.516929211560637, -2182277.773820093367249 ], [ 2667700.632048506289721, -2182289.468116276431829 ], [ 2667747.575100118294358, -2182298.07827372290194 ], [ 2667797.051692750770599, -2182272.120746289845556 ], [ 2667849.593807696830481, -2182242.971969676669687 ], [ 2667883.582125226035714, -2182223.557294264901429 ], [ 2667924.180783066898584, -2182225.998740447685122 ], [ 2667961.607311099767685, -2182225.356036776211113 ], [ 2668042.431824136525393, -2182208.27526311064139 ], [ 2668079.698502600193024, -2182198.219586784951389 ], [ 2668123.256149584893137, -2182191.194184181280434 ], [ 2668151.325924543198198, -2182190.711881336756051 ], [ 2668256.941117582842708, -2182163.788814322091639 ], [ 2668420.801241316832602, -2182076.232216294389218 ], [ 2668519.590970847290009, -2182014.901884770952165 ], [ 2668640.994559075217694, -2181930.428420060314238 ], [ 2668805.277510761748999, -2181867.9702512845397 ], [ 2668948.154916032683104, -2181830.987289850600064 ], [ 2669016.447922179941088, -2181810.980421146843582 ], [ 2669155.404187271837145, -2181726.987184508237988 ], [ 2669291.026640138123184, -2181630.49735290184617 ], [ 2669343.083413203712553, -2181573.108611952047795 ], [ 2669401.697880054358393, -2181534.437356289941818 ], [ 2669460.739924232941121, -2181520.865700178314 ], [ 2669522.633218065369874, -2181491.552741650026292 ], [ 2669559.576522667426616, -2181462.669973638374358 ], [ 2669604.431871141307056, -2181348.915048939175904 ], [ 2669622.074366360902786, -2181285.843666813336313 ], [ 2669686.122436482459307, -2181200.003483554814011 ], [ 2669752.914218700956553, -2181092.14791510719806 ], [ 2669789.321381466463208, -2181031.891649464610964 ], [ 2669852.511744194664061, -2180895.854448759928346 ], [ 2669903.173616448882967, -2180756.896121190395206 ], [ 2669947.891882385127246, -2180635.301531150471419 ], [ 2669996.558010724838823, -2180562.282084834296256 ], [ 2670032.856531242374331, -2180495.752741433214396 ], [ 2670071.845189737156034, -2180404.071467936504632 ], [ 2670092.390064341481775, -2180328.400087284389883 ], [ 2670113.684360392857343, -2180296.650626769289374 ], [ 2670199.289176086429507, -2180194.750567907001823 ], [ 2670245.209695984143764, -2180143.746710729319602 ], [ 2670290.272989307995886, -2180042.547576286830008 ], [ 2670323.987000403925776, -2180007.445582954678684 ], [ 2670397.383485596161336, -2179921.447989365551621 ], [ 2670461.370644555427134, -2179832.475012756418437 ], [ 2670509.657955583184958, -2179737.497755259741098 ], [ 2670607.303096052724868, -2179610.286641240119934 ], [ 2670692.956116681918502, -2179511.525965992361307 ], [ 2670788.177767392247915, -2179425.151900058146566 ], [ 2670871.139818868599832, -2179351.542174910195172 ], [ 2670947.971744073089212, -2179284.314452608581632 ], [ 2670997.006565624382347, -2179233.257776291575283 ], [ 2671046.202116167638451, -2179191.61243702005595 ], [ 2671092.33291087159887, -2179153.158133982215077 ], [ 2671094.753546246793121, -2179112.322463648859411 ], [ 2671106.636423154734075, -2179077.599102065898478 ], [ 2671137.604638456366956, -2179064.511113873682916 ], [ 2671171.530068917665631, -2179041.957980339415371 ], [ 2671189.54210006352514, -2179000.852657103911042 ], [ 2671229.813049146905541, -2178916.215262160636485 ], [ 2671254.2223557876423, -2178884.413189386017621 ], [ 2671269.169425175990909, -2178846.499178400728852 ], [ 2671296.213516593445092, -2178786.410335099790245 ], [ 2671317.343244939576834, -2178745.251485953107476 ], [ 2671356.64532505441457, -2178672.398949983064085 ], [ 2671380.517041109967977, -2178609.227542968466878 ], [ 2671414.17299419362098, -2178570.989980571903288 ], [ 2671450.087682978250086, -2178482.507319891825318 ], [ 2671598.151046364102513, -2178203.811663308180869 ], [ 2671606.968237762339413, -2178172.280735001899302 ], [ 2671609.656579785514623, -2178147.131717747543007 ], [ 2671663.794987103901803, -2178030.094841391779482 ], [ 2671678.84815214574337, -2177998.456079583149403 ], [ 2671736.157556191086769, -2177884.502788247074932 ], [ 2671744.759592935442924, -2177840.425033914856613 ], [ 2671747.66272490657866, -2177827.823761603329331 ], [ 2671802.068356854375452, -2177726.472686826251447 ], [ 2671813.895562196616083, -2177688.614830392878503 ], [ 2671825.776583864353597, -2177653.893842418212444 ], [ 2671879.966407506726682, -2177539.99644954316318 ], [ 2671891.6859908006154, -2177495.865395302418619 ], [ 2671912.544470021501184, -2177439.025261000264436 ], [ 2671933.7256043497473, -2177401.00569966295734 ], [ 2671954.79903842555359, -2177356.712811563629657 ], [ 2671972.539341107010841, -2177299.927034995052963 ], [ 2672005.8693827111274, -2177242.870984529610723 ], [ 2672016.338656910695136, -2177194.055841697379947 ], [ 2672034.562601873651147, -2177165.500943667721003 ], [ 2672052.625185948330909, -2177127.535948124248534 ], [ 2672052.087488607969135, -2177096.168882719706744 ], [ 2672000.533768087159842, -2176999.796982595697045 ], [ 2671987.30950621701777, -2176956.0997922308743 ], [ 2671926.456512501928955, -2176863.026961983647197 ], [ 2671900.330967267975211, -2176794.453044132795185 ], [ 2671848.564151336904615, -2176685.535407465416938 ], [ 2671790.422447545919567, -2176568.570803134702146 ], [ 2671764.920805440749973, -2176536.382262902799994 ], [ 2671761.997007301542908, -2176511.332519256975502 ], [ 2671751.633171258028597, -2176488.921918516978621 ] ] ] } },
{ "type": "Feature", "properties": { "ID": 0, "LENGTH": 4628.0, "TYP": "Main Track", "SOURCE": "GPS Survey", "DATE_SOURC": "August 2002", "CREATOR": "TM", "DATE_CREAT": "02/09/2002", "LOCATION": null, "ACCESS": null }, "geometry": { "type": "MultiLineString", "coordinates": [ [ [ 2650676.287655405700207, -2223047.245641065295786 ], [ 2650564.527438601944596, -2223198.48741196282208 ], [ 2650475.324759437702596, -2223332.119012093171477 ], [ 2650437.231369481887668, -2223447.667975341435522 ], [ 2650370.867954629473388, -2223580.923155066557229 ], [ 2650284.930033068638295, -2223783.455358954146504 ], [ 2650180.441760627552867, -2223943.200484262779355 ], [ 2650082.855337796732783, -2224088.467043980024755 ], [ 2649998.72282027779147, -2224183.232719666790217 ], [ 2649893.644151321612298, -2224307.075816648546606 ], [ 2649810.564600314479321, -2224466.470091915689409 ], [ 2649755.099405462387949, -2224567.946329254191369 ], [ 2649728.069711856078357, -2224661.770480600651354 ], [ 2649713.100025894120336, -2225057.082549134735018 ], [ 2649733.237515834160149, -2225415.906807190738618 ], [ 2649746.316320803947747, -2225943.663579947780818 ], [ 2649744.282331119757146, -2226365.726672304794192 ], [ 2649756.892382698133588, -2227137.766252757050097 ], [ 2649704.961254842579365, -2227237.402760097756982 ], [ 2649653.322897139005363, -2227354.994824476074427 ], [ 2649518.981415460817516, -2227654.37791329016909 ] ] ] } },
{ "type": "Feature", "properties": { "ID": 0, "LENGTH": 58489.0, "TYP": "Tarred Road", "SOURCE": "Landsat TM Delta Mosaic April 2000", "DATE_SOURC": "April 2000", "CREATOR": "FM", "DATE_CREAT": "03/ 2002", "LOCATION": null, "ACCESS": null }, "geometry": { "type": "MultiLineString", "coordinates": [ [ [ 2468681.639848531223834, -2125805.782427293248475 ], [ 2469080.101948106661439, -2126297.502682116348296 ], [ 2469304.858989774715155, -2126687.183844988234341 ], [ 2469474.57083943253383, -2127151.750525469426066 ], [ 2469796.120594886597246, -2128174.175702496897429 ], [ 2470041.410042361821979, -2128861.819490831810981 ], [ 2470191.032748406287283, -2129084.371955166570842 ], [ 2470527.447651730850339, -2129547.860070219729096 ], [ 2471330.830189590342343, -2130604.381388265639544 ], [ 2471518.119431238621473, -2130916.117315799929202 ], [ 2471714.126472323201597, -2131421.569249043706805 ], [ 2472046.505091095343232, -2132373.285480849910527 ], [ 2472347.770598010160029, -2133101.648462299723178 ], [ 2472699.301202541217208, -2133591.169735611882061 ], [ 2473758.959193993359804, -2134701.93149928515777 ], [ 2474132.371593584772199, -2135131.677866992540658 ], [ 2474432.323510459624231, -2135651.388982816133648 ], [ 2474607.050322846975178, -2136276.345476715825498 ], [ 2474847.344132939353585, -2136736.856353018898517 ], [ 2475102.572395227849483, -2137212.179435207974166 ], [ 2475535.756480960641056, -2137701.17045421525836 ], [ 2475908.954276381991804, -2138086.212281686253846 ], [ 2476558.223583857528865, -2138737.694885512813926 ], [ 2477080.612877701874822, -2139255.875640354584903 ], [ 2477544.164389222860336, -2139834.120866543613374 ], [ 2477978.626695451326668, -2140487.139101777691394 ], [ 2478660.444868411403149, -2141526.119813303463161 ], [ 2479020.229214542545378, -2142090.223686465993524 ], [ 2479170.589118940290064, -2142387.405496633145958 ], [ 2479382.594287205021828, -2143012.248326759319752 ], [ 2479504.814259535167366, -2143518.443829289171845 ], [ 2479650.133299646899104, -2144143.801082009915262 ], [ 2479522.481605318840593, -2144950.141457429155707 ], [ 2479263.310071296989918, -2146025.956669420469552 ], [ 2479069.554936635307968, -2146922.351374560501426 ], [ 2479029.126029484905303, -2147489.493099172599614 ], [ 2479154.040571935474873, -2148368.728732939809561 ], [ 2479218.158970389515162, -2149039.582877771463245 ], [ 2479274.013419500086457, -2149591.168055613990873 ], [ 2479394.890265846159309, -2149903.589159037452191 ], [ 2479485.684418419376016, -2150156.555707554798573 ], [ 2479800.638114941306412, -2150646.606136862188578 ], [ 2480130.545407405123115, -2151151.47338982578367 ], [ 2480385.348316819872707, -2151522.614042710047215 ], [ 2480579.975478579290211, -2151774.834778761491179 ], [ 2480902.723845898173749, -2152309.609370960853994 ], [ 2481113.823485087603331, -2152785.529191861860454 ], [ 2481221.223155190702528, -2153277.143193483818322 ], [ 2481329.607190363574773, -2153903.058518154080957 ], [ 2481391.435722842346877, -2154245.811344584915787 ], [ 2481538.874108138959855, -2155140.07781606214121 ], [ 2481527.417856357526034, -2155602.77803041273728 ], [ 2481309.490408381912857, -2156231.174199142027646 ], [ 2481193.648579579778016, -2156620.049753753002733 ], [ 2481027.947148977313191, -2157292.864206726197153 ], [ 2480884.922435998450965, -2158025.234014022164047 ], [ 2480742.539662092458457, -2158847.179795501753688 ], [ 2480642.703247029799968, -2159400.17381099704653 ], [ 2480478.915951327420771, -2160341.747427958529443 ], [ 2480246.723329873755574, -2161059.955007582902908 ], [ 2479968.8129618675448, -2161614.314936894457787 ], [ 2479676.696706049609929, -2162258.36085389694199 ], [ 2479406.60498811211437, -2162872.405921596102417 ], [ 2479173.702675031963736, -2163501.125199114903808 ], [ 2479286.513813246041536, -2164739.471029764041305 ], [ 2479409.677115933969617, -2166380.961778145749122 ], [ 2479316.011993269901723, -2166769.867854407057166 ], [ 2479085.437451664358377, -2167727.20684195170179 ], [ 2478970.250488788355142, -2168220.825165360700339 ], [ 2478781.165154633577913, -2168759.793862351216376 ], [ 2478575.72319714166224, -2169089.824616258963943 ], [ 2478281.212285456713289, -2169420.506326313130558 ], [ 2477507.887554510496557, -2170262.419801845680922 ], [ 2476816.462841645814478, -2171148.557889929972589 ], [ 2476154.879408959299326, -2172064.372321278788149 ], [ 2475842.656178350094706, -2173052.398091753944755 ], [ 2475713.148427683860064, -2173635.860457600094378 ], [ 2475583.739398647099733, -2174234.276345569640398 ], [ 2475364.499145951122046, -2174728.784906446468085 ], [ 2475158.520265450701118, -2174999.136697404552251 ], [ 2474519.53243933711201, -2175989.61746769817546 ], [ 2474109.920393758453429, -2176873.932445612736046 ], [ 2473817.824818192981184, -2177578.168663760647178 ], [ 2473465.26720506651327, -2178133.446548274252564 ], [ 2472350.95654745073989, -2179142.306411989498883 ], [ 2471863.532869398593903, -2179534.185330961830914 ], [ 2471480.566024856641889, -2180000.045910103712231 ], [ 2471303.979286778252572, -2180240.345648927614093 ], [ 2470979.201282108668238, -2180924.227225826121867 ] ] ] } },
{ "type": "Feature", "properties": { "ID": 0, "LENGTH": 105802.0, "TYP": "Tarred Road", "SOURCE": "Landsat TM Delta Mosaic April 2000", "DATE_SOURC": "April 2000", "CREATOR": "FM", "DATE_CREAT": "03/ 2002", "LOCATION": null, "ACCESS": null }, "geometry": { "type": "MultiLineString", "coordinates": [ [ [ 2614563.7602310157381, -2265787.969186886679381 ], [ 2614209.044469644315541, -2266193.431630791164935 ], [ 2614053.005756238009781, -2266444.069719423074275 ], [ 2613881.801811806857586, -2266651.114261039998382 ], [ 2612668.924339204095304, -2267783.01983926165849 ], [ 2611945.69781359564513, -2268209.907640234567225 ], [ 2611092.764811058528721, -2268704.408066851086915 ], [ 2609948.083007779438049, -2269356.514660930726677 ], [ 2609040.764110737945884, -2269862.712171004153788 ], [ 2608214.581558700185269, -2270452.290272838901728 ], [ 2608146.488939391914755, -2270522.049770400859416 ], [ 2608011.183927222155035, -2271428.160381622146815 ], [ 2607619.153660108335316, -2271712.812787912786007 ], [ 2607319.965169591829181, -2272111.543928070925176 ], [ 2607108.499258968513459, -2272552.826308705378324 ], [ 2606924.896141831297427, -2272788.916023823898286 ], [ 2606413.791869944892824, -2273472.228922750335187 ], [ 2605847.452271083369851, -2274250.828077624086291 ], [ 2605186.483105829916894, -2275042.598845635075122 ], [ 2604307.141182316932827, -2275861.977106326725334 ], [ 2603334.812747831922024, -2276698.989498476032168 ], [ 2602526.853373516816646, -2276849.106394452042878 ], [ 2601836.203428910113871, -2276989.366461678873748 ], [ 2601272.573594851884991, -2277233.734225433785468 ], [ 2600386.677930757403374, -2278183.535594020038843 ], [ 2599202.851611296180636, -2279561.384318666532636 ], [ 2598539.137300635222346, -2280330.388327286578715 ], [ 2597964.300454207696021, -2281094.915521816816181 ], [ 2597869.126456195954233, -2281242.977131628897041 ], [ 2597541.530210095457733, -2281867.09065613662824 ], [ 2597164.533775751944631, -2282728.317793978378177 ], [ 2596951.00401038909331, -2283399.78297613421455 ], [ 2596822.539601772557944, -2284070.076461420860142 ], [ 2596729.513415825087577, -2284666.521318514831364 ], [ 2596518.534120824187994, -2285232.029453857336193 ], [ 2596200.84299341076985, -2285701.211573195643723 ], [ 2595540.533728599082679, -2286305.652466644067317 ], [ 2595364.729264505207539, -2286487.488462061621249 ], [ 2594843.82563391700387, -2286918.754709439817816 ], [ 2594315.017385519575328, -2287366.43640472041443 ], [ 2593798.004006589297205, -2287789.489197664894164 ], [ 2593471.426458450034261, -2288209.89536494622007 ], [ 2592952.886416063643992, -2288820.524641288910061 ], [ 2592231.305735996458679, -2289703.086277831811458 ], [ 2591575.666714144404978, -2290372.715952883474529 ], [ 2590843.638488724362105, -2291092.336124625988305 ], [ 2589724.220628209877759, -2292135.611138900276273 ], [ 2588978.642096146475524, -2293004.384400262963027 ], [ 2588728.530935562681407, -2293352.00085911527276 ], [ 2588565.634487842209637, -2293578.397347198333591 ], [ 2588330.131218149792403, -2293944.410603656433523 ], [ 2587895.484817361924797, -2294700.144587238319218 ], [ 2587577.762064933311194, -2295212.423309732228518 ], [ 2587182.08884374378249, -2295555.213585369288921 ], [ 2586838.959644299931824, -2295706.241005542688072 ], [ 2586277.736047099810094, -2295757.144657311961055 ], [ 2585735.063534542452544, -2295950.97346873767674 ], [ 2585107.487274328712374, -2296321.457863077055663 ], [ 2584578.602631194517016, -2296734.485363783780485 ], [ 2583951.556367431301624, -2297148.826224043034017 ], [ 2583498.66175107518211, -2297538.882808803580701 ], [ 2583080.201903662178665, -2298060.134116931352764 ], [ 2582659.547329720575362, -2298416.846122775226831 ], [ 2582087.069428303278983, -2298841.411781899631023 ], [ 2581265.895896129310131, -2299433.860919734463096 ], [ 2580684.171186873223633, -2299990.20583814708516 ], [ 2580038.693184395320714, -2300679.071877975482494 ], [ 2579194.84117854712531, -2301216.931077762041241 ], [ 2577731.354100538883358, -2301927.509581241291016 ], [ 2576477.25866381265223, -2302810.870028005447239 ], [ 2575535.866171929985285, -2303415.759936518035829 ], [ 2574189.630328102968633, -2304160.747219572309405 ], [ 2573364.196186111774296, -2304522.323705444578081 ], [ 2572583.917210827581584, -2304650.19969543768093 ], [ 2572040.671978982165456, -2304832.779694919008762 ], [ 2571435.143911997321993, -2305268.593781358096749 ], [ 2570897.4627357381396, -2305570.165047442074865 ], [ 2569829.094199024606496, -2306114.345355106517673 ], [ 2569005.88811979489401, -2306475.7921401578933 ], [ 2568690.974577557761222, -2306587.732480337843299 ], [ 2568125.256577312480658, -2306726.597396490629762 ], [ 2567037.706720582209527, -2307025.684087839443237 ], [ 2565900.028805861715227, -2307687.607520843856037 ], [ 2564832.322221055161208, -2308721.888296747114509 ], [ 2564398.929188990965486, -2308979.781072217039764 ], [ 2564019.279888604301959, -2309171.128888802602887 ], [ 2563216.438684008549899, -2309565.325407407712191 ], [ 2562621.978657219558954, -2310044.767354344483465 ], [ 2562113.994393952656537, -2310457.263411538675427 ], [ 2561323.693218318745494, -2310993.997608917299658 ], [ 2560836.950047211721539, -2311362.301526165567338 ], [ 2560362.557531469501555, -2311851.237252647522837 ], [ 2559805.533433785196394, -2312475.078739847056568 ], [ 2559379.633723656646907, -2312719.718541328329593 ], [ 2558772.869374741800129, -2313100.447920568287373 ], [ 2558417.002374636009336, -2313467.149925025179982 ], [ 2557822.811010136269033, -2313990.479749925434589 ], [ 2557443.244499184191227, -2314203.718350593931973 ], [ 2557128.642328128684312, -2314372.241133398376405 ], [ 2556378.690158491954207, -2314655.813060658052564 ], [ 2555792.718743212986737, -2314959.363773657009006 ], [ 2555172.867256549652666, -2315325.093800582922995 ], [ 2553837.787715381477028, -2315839.329801339190453 ], [ 2553433.084137270692736, -2315778.227040406316519 ], [ 2552638.071879213675857, -2315625.287712494377047 ], [ 2552011.990312594454736, -2315550.984743595588952 ], [ 2550686.767028220463544, -2315754.385483466554433 ], [ 2549496.687808942981064, -2316062.308362275827676 ], [ 2548666.927503129933029, -2316284.309218509122729 ], [ 2547843.532062226440758, -2316710.412656397093087 ], [ 2547479.559260114561766, -2316837.135856159031391 ], [ 2547091.501043039839715, -2316988.635672369040549 ], [ 2546970.6371886334382, -2317071.711051738355309 ], [ 2546351.0693299905397, -2317217.688210404012352 ], [ 2545264.149760604836047, -2317328.135911310091615 ], [ 2543814.786375941243023, -2317344.600463057868183 ], [ 2542742.798597714863718, -2317340.366151511669159 ], [ 2541838.619778180494905, -2317456.721898512914777 ], [ 2541004.526856016833335, -2317670.280205624178052 ], [ 2540309.172291501425207, -2317947.614256691653281 ], [ 2539183.023464547935873, -2318564.64829755295068 ], [ 2538694.232395566534251, -2318798.801482853945345 ], [ 2537876.362197749782354, -2319020.229160944465548 ], [ 2537301.297292159404606, -2319165.433100058697164 ], [ 2536759.942066810559481, -2319424.631078177131712 ], [ 2535319.122598441317677, -2320257.358806721866131 ], [ 2534786.350165671203285, -2320565.447216603904963 ], [ 2534334.42663036333397, -2320839.969579428434372 ], [ 2533856.066283944994211, -2321302.700290140230209 ], [ 2533433.344691602978855, -2322034.480660877656192 ], [ 2533041.53745045280084, -2323002.92661470035091 ], [ 2532824.094791831448674, -2324329.120405033696443 ], [ 2532709.169829376973212, -2324600.041187040507793 ], [ 2532262.396469496656209, -2325373.054509371053427 ], [ 2531875.048570408020169, -2326006.513822014443576 ], [ 2531529.424960957374424, -2326361.652277993503958 ], [ 2530957.768474295269698, -2326858.148672085255384 ], [ 2530460.69011841295287, -2327108.64218854252249 ], [ 2529425.43898412398994, -2327569.166439498774707 ], [ 2528418.400103895459324, -2328013.001640715170652 ], [ 2528086.290741357021034, -2328114.580105905421078 ], [ 2527303.959335896186531, -2328196.744155918713659 ] ] ] } },
{ "type": "Feature", "properties": { "ID": 0, "LENGTH": 73363.0, "TYP": "Tarred Road", "SOURCE": "Landsat TM Delta Mosaic April 2000", "DATE_SOURC": "April 2000", "CREATOR": "FM", "DATE_CREAT": "03/ 2002", "LOCATION": null, "ACCESS": null }, "geometry": { "type": "MultiLineString", "coordinates": [ [ [ 2422497.78285939944908, -2067902.851257148664445 ], [ 2422795.139187016058713, -2068336.568997694645077 ], [ 2423191.431196, -2068735.104700676631182 ], [ 2423865.925691519863904, -2069593.823375121923164 ], [ 2423930.264472999144346, -2069643.180362243205309 ], [ 2425433.240300209261477, -2071079.299673978704959 ], [ 2425419.546673482749611, -2071820.663138277130201 ], [ 2425467.230633911211044, -2072584.871391745051369 ], [ 2425681.861173917539418, -2073159.749199710786343 ], [ 2426217.259681539610028, -2073743.164276170311496 ], [ 2427187.721979293040931, -2074513.297270441194996 ], [ 2427837.78465273603797, -2075344.417726217769086 ], [ 2428086.83497551549226, -2075869.543473600642756 ], [ 2428355.725351935252547, -2076414.448447037953883 ], [ 2428837.580531382001936, -2077127.207571999868378 ], [ 2429264.694444366265088, -2077730.996373118367046 ], [ 2429419.107645542360842, -2078048.058310070773587 ], [ 2429839.800452837720513, -2079406.621273071970791 ], [ 2429889.558455867227167, -2079495.771283928770572 ], [ 2430660.940246488433331, -2080194.00685613648966 ], [ 2431955.204136663582176, -2080624.730024429503828 ], [ 2431754.768537712283432, -2081095.390457195229828 ], [ 2431519.331668323371559, -2081619.401291897520423 ], [ 2431257.698817421682179, -2082196.724677201593295 ], [ 2431101.648078053724021, -2082746.980483608553186 ], [ 2431046.173411938361824, -2083137.236392163438722 ], [ 2431065.909112164750695, -2083598.061141905374825 ], [ 2431200.426178318448365, -2084111.546901502879336 ], [ 2431484.28186022862792, -2084526.840206377906725 ], [ 2431621.665466571692377, -2084703.484278385993093 ], [ 2433170.279590038117021, -2086132.251782270381227 ], [ 2433369.535342433489859, -2086344.062357343733311 ], [ 2433812.913964136969298, -2086935.908354147104546 ], [ 2434265.467985638882965, -2087598.640859419945627 ], [ 2434704.113681686110795, -2088110.731927206972614 ], [ 2435128.924495344981551, -2088489.903426981298253 ], [ 2435614.710716548375785, -2088718.051814436446875 ], [ 2436365.354822414461523, -2089042.416011720430106 ], [ 2436922.119983416050673, -2089448.248234991217032 ], [ 2437041.939850059803575, -2089535.583164321491495 ], [ 2437343.182185892481357, -2089862.144475860521197 ], [ 2437636.713832480832934, -2090410.410836124094203 ], [ 2437753.164953710045666, -2090791.101398907601833 ], [ 2438053.587580929975957, -2091835.914642138639465 ], [ 2438285.471715968567878, -2092384.531573992455378 ], [ 2438609.917331915348768, -2092932.693288568407297 ], [ 2439558.513374344911426, -2094018.650442076614127 ], [ 2440035.042766407132149, -2094647.992513216333464 ], [ 2440441.504483711440116, -2095184.771723027806729 ], [ 2441396.714867399074137, -2096660.966134099988267 ], [ 2442447.391870350576937, -2097817.398586767725646 ], [ 2442785.17339208163321, -2098347.819773567374796 ], [ 2443155.544540252070874, -2099206.278786411508918 ], [ 2443342.923605761490762, -2099631.071823163889349 ], [ 2443494.71690762322396, -2099993.964978052768856 ], [ 2443557.320327041205019, -2100162.17781595652923 ], [ 2443900.654459031764418, -2100896.64359777700156 ], [ 2444229.710531312506646, -2101427.162975218147039 ], [ 2444398.748117310460657, -2101710.144189345184714 ], [ 2444576.467384988442063, -2101966.466538557317108 ], [ 2445194.419056405313313, -2102921.295598684344441 ], [ 2445664.688136104959995, -2103459.950562287587672 ], [ 2445983.680964029859751, -2103742.131533580832183 ], [ 2446768.117312042508274, -2104474.266234707087278 ], [ 2447043.527504536788911, -2104845.409177861642092 ], [ 2447249.165958936326206, -2105358.906804951373488 ], [ 2447521.349318168126047, -2105943.033485702238977 ], [ 2447619.43040539091453, -2106137.704416976775974 ], [ 2447886.060228674206883, -2106508.91295154672116 ], [ 2448400.391635607928038, -2107011.852287780027837 ], [ 2448657.248938470613211, -2107205.643145752605051 ], [ 2448979.222543946001679, -2107501.863468035589904 ], [ 2449894.036259601823986, -2108343.45046843169257 ], [ 2450311.634637336246669, -2108882.425239770207554 ], [ 2451187.196117626037449, -2110066.657000633422285 ], [ 2451604.161503974348307, -2110481.398057825863361 ], [ 2451755.083743669092655, -2110649.160355792380869 ], [ 2452149.209700253326446, -2110922.025986081454903 ], [ 2453202.302637983113527, -2111492.830310144927353 ], [ 2453945.446434318087995, -2111852.392209127079695 ], [ 2454374.912859383504838, -2112125.02022340008989 ], [ 2455128.0637291460298, -2112679.760331943631172 ], [ 2455837.873961405362934, -2113359.011388345621526 ], [ 2456438.233691650442779, -2114172.063268822617829 ], [ 2457088.069546897429973, -2115135.738985753618181 ], [ 2457404.214241563342512, -2115622.076632666401565 ], [ 2457706.660644439514726, -2116028.605790677014738 ], [ 2458425.074103818275034, -2116636.792719444260001 ], [ 2459271.53651111992076, -2117253.061555935069919 ], [ 2460051.540936148259789, -2117816.452355262357742 ], [ 2460459.861387287266552, -2118204.567547889426351 ], [ 2461210.581769369076937, -2119016.719299129210413 ], [ 2461548.238108260091394, -2119387.516339308582246 ], [ 2461876.475805868860334, -2119660.704114036634564 ], [ 2462177.804505125619471, -2119863.026560208294541 ], [ 2462646.600209530442953, -2120028.772017183713615 ], [ 2463535.72893183445558, -2120369.42019904917106 ], [ 2464031.583601370919496, -2120623.75679549947381 ], [ 2464333.059657301288098, -2120843.812130015343428 ], [ 2464599.858831451740116, -2121161.762489883694798 ], [ 2464859.082748598884791, -2121675.116940210107714 ], [ 2465256.317630091216415, -2122374.070540787186474 ], [ 2465657.028077411465347, -2122922.050363798625767 ], [ 2466366.928195906803012, -2123503.54518287954852 ], [ 2466859.170512657612562, -2123864.436022461857647 ], [ 2467498.058740625157952, -2124375.331021516118199 ], [ 2468031.398381005972624, -2124940.201039152685553 ], [ 2468738.714861260261387, -2125779.24035112420097 ] ] ] } },
{ "type": "Feature", "properties": { "ID": 0, "LENGTH": 194262.0, "TYP": "Tarred Road", "SOURCE": "Landsat TM Delta Mosaic April 2000", "DATE_SOURC": "April 2000", "CREATOR": "FM", "DATE_CREAT": "03/ 2002", "LOCATION": null, "ACCESS": null }, "geometry": { "type": "MultiLineString", "coordinates": [ [ [ 2606924.896141831297427, -2272788.916023823898286 ], [ 2607522.931170173920691, -2273487.964934207964689 ], [ 2608434.365433820988983, -2273916.191499815322459 ], [ 2608628.943602410145104, -2274092.718372634612024 ], [ 2608810.570545787923038, -2275269.817721682135016 ], [ 2609019.388508275616914, -2276191.296611888799816 ], [ 2609120.392589455936104, -2276534.803779777605087 ], [ 2609277.989959796890616, -2276760.186821059323847 ], [ 2609645.969050678424537, -2277011.74835707154125 ], [ 2609880.722118938807398, -2277172.226664431393147 ], [ 2610967.359145123511553, -2277839.316738935187459 ], [ 2612078.173977387137711, -2278512.90043454291299 ], [ 2612535.271417120937258, -2278809.732096264604479 ], [ 2614220.646462937816978, -2279826.59643818391487 ], [ 2616065.591320744715631, -2280951.358109781518579 ], [ 2616872.821449736598879, -2281448.07988945255056 ], [ 2617620.07446695305407, -2281907.848883230239153 ], [ 2619387.901330766733736, -2282978.287664444185793 ], [ 2620185.726480610202998, -2283479.200242831371725 ], [ 2620930.411269813310355, -2283948.583681870251894 ], [ 2622810.84252117946744, -2285099.899314880836755 ], [ 2623865.784268657211214, -2285656.465345643460751 ], [ 2624709.630662372801453, -2286092.019693994894624 ], [ 2626808.204207289498299, -2287122.259632140398026 ], [ 2628934.432411372195929, -2288151.855197563301772 ], [ 2630715.426626584492624, -2289034.855931339785457 ], [ 2632448.326409837696701, -2289904.670569845009595 ], [ 2633772.916291072499007, -2290553.086549380328506 ], [ 2634316.405811998993158, -2290634.083921149838716 ], [ 2636393.219966778066009, -2290676.422627258114517 ], [ 2638546.048176621552557, -2290751.801746427547187 ], [ 2639695.940983588341624, -2290792.529888623394072 ], [ 2640678.279564498458058, -2290827.266048369463533 ], [ 2642734.685751398093998, -2290883.026817734818906 ], [ 2644365.800319078844041, -2290952.555690563749522 ], [ 2646406.41592156374827, -2291712.358541735447943 ], [ 2648385.766612524632365, -2292493.695154324639589 ], [ 2650268.153638651128858, -2293214.342397797852755 ], [ 2652081.580824294593185, -2293908.369913942646235 ], [ 2653985.739699915982783, -2294683.52315536653623 ], [ 2655279.318734646309167, -2295068.579649570863694 ], [ 2656417.591659555211663, -2295200.762173852883279 ], [ 2657344.79768947744742, -2295232.976408707909286 ], [ 2659194.575861506629735, -2295228.296531109139323 ], [ 2661215.393599108792841, -2295192.797658733092248 ], [ 2663593.990286699961871, -2295159.359838178846985 ], [ 2666084.5330855762586, -2295054.56757691828534 ], [ 2668703.191468368284404, -2294921.239818051923066 ], [ 2671166.459280645940453, -2294738.584726750385016 ], [ 2672963.188561856281012, -2294705.865882243495435 ], [ 2673770.128779809456319, -2294734.263817561324686 ], [ 2676331.653661465272307, -2294773.498645628802478 ], [ 2678815.324900097213686, -2294779.301583261694759 ], [ 2681308.006006683688611, -2294810.48684315290302 ], [ 2683749.196042567957193, -2294842.301829811185598 ], [ 2684876.64236056432128, -2294854.864183406345546 ], [ 2686336.129817017354071, -2294871.022835236042738 ], [ 2688871.569832687266171, -2294900.36191602004692 ], [ 2691483.321973509620875, -2294884.732748148031533 ], [ 2694128.65385306160897, -2294833.563667432870716 ], [ 2696629.317034525796771, -2294845.243320172652602 ], [ 2699208.110558943357319, -2294906.813297409564257 ], [ 2701958.352226899005473, -2294964.616045089438558 ], [ 2704271.10669183684513, -2295022.116625948343426 ], [ 2706832.81726923910901, -2295091.573975040577352 ], [ 2709196.091884896624833, -2295104.290861985180527 ], [ 2711554.74392719194293, -2295315.239146598149091 ], [ 2713816.825334189925343, -2295415.694095210172236 ], [ 2716261.3901695786044, -2295632.892683900427073 ], [ 2718816.176540969870985, -2295787.074995078146458 ], [ 2721379.88082590745762, -2295957.964203419163823 ], [ 2724082.001354355830699, -2296185.967370219063014 ], [ 2726740.720555107109249, -2296388.601870068814605 ], [ 2729227.256217448040843, -2296560.009721023030579 ], [ 2730219.771001557353884, -2296650.952958559151739 ], [ 2731564.237159608863294, -2296958.600564289838076 ], [ 2734025.527734699193388, -2297552.634810328949243 ], [ 2736245.589834454003721, -2298091.186232305131853 ], [ 2736659.125671615358442, -2298177.095070815179497 ], [ 2737062.20980035001412, -2298276.124679597094655 ], [ 2738537.425740040838718, -2298642.210976800881326 ], [ 2739633.493537031114101, -2298975.496947868727148 ], [ 2741436.491720161866397, -2299416.156258610077202 ], [ 2742455.053115092217922, -2299663.118935630191118 ], [ 2743025.358317375183105, -2299914.092424785718322 ], [ 2743795.725475194863975, -2300242.939499207772315 ], [ 2744107.934558671433479, -2300423.135040616150945 ], [ 2744929.292145000305027, -2300967.219529272057116 ], [ 2745529.536689084023237, -2301252.602192745544016 ], [ 2746198.609406054485589, -2301489.568183032330126 ], [ 2747772.841979589313269, -2301840.981432302854955 ], [ 2750430.15387149900198, -2302449.03730389662087 ], [ 2751770.231889286078513, -2302740.943223066627979 ], [ 2752260.461500614881516, -2302788.419974001590163 ], [ 2753163.416289899963886, -2302803.08242159569636 ], [ 2754065.311517875175923, -2302770.860950734466314 ], [ 2754967.064454489853233, -2302732.740560117177665 ], [ 2755240.749186052475125, -2302732.35364601155743 ], [ 2755906.240632498636842, -2302805.018512747716159 ], [ 2756496.865151671692729, -2302914.519490005914122 ], [ 2756625.308005403261632, -2302929.15168804069981 ], [ 2757445.714475110638887, -2303156.371232038829476 ], [ 2757837.930556430015713, -2303246.948899359442294 ], [ 2758499.079551766626537, -2303384.052749793976545 ], [ 2759006.907758442219347, -2303436.797093570698053 ], [ 2759385.890644307248294, -2303457.351377058308572 ], [ 2760270.562443888280541, -2303436.93044341634959 ], [ 2761060.361853819806129, -2303342.512796276714653 ], [ 2761332.297939975745976, -2303265.923179748468101 ], [ 2763381.129211677704006, -2302720.462356286123395 ], [ 2763907.760510473977774, -2302579.337352999020368 ], [ 2764615.329185726586729, -2302457.406825932208449 ], [ 2766248.725286283064634, -2302337.216006368398666 ], [ 2768405.132248627953231, -2302175.292034378275275 ], [ 2770235.998242767062038, -2302038.388810063246638 ], [ 2770851.316985358484089, -2301959.406713116914034 ], [ 2771245.915659627411515, -2301903.20652432506904 ], [ 2771888.667420785874128, -2301753.260557271074504 ], [ 2773674.70917024789378, -2301201.274875182192773 ], [ 2774773.891195415519178, -2300905.665955408476293 ], [ 2775567.976052274927497, -2300757.849793269298971 ], [ 2776340.57099164230749, -2300686.646817209664732 ], [ 2777963.865892701316625, -2300647.67677064333111 ], [ 2779057.681106090079993, -2300621.336733697913587 ], [ 2780221.018527716398239, -2300581.539007283747196 ], [ 2781369.758312568068504, -2300419.048561349045485 ], [ 2783599.342499893624336, -2299937.416258508339524 ], [ 2784103.218122247140855, -2299831.44987320760265 ], [ 2785430.054260088596493, -2299576.548787304665893 ], [ 2786196.388192426878959, -2299493.387460326775908 ], [ 2786865.234887760132551, -2299471.13937846571207 ], [ 2788778.949950749985874, -2299418.24584321770817 ], [ 2789243.890750350430608, -2299389.22214178647846 ], [ 2789928.876009370665997, -2299313.769056999590248 ], [ 2791346.011509729549289, -2298950.843852327205241 ], [ 2792016.312517543323338, -2298752.730537103954703 ], [ 2793195.722622679546475, -2298430.706833679229021 ], [ 2793809.392950869165361, -2298298.346960745751858 ], [ 2794499.961074022110552, -2298216.74183985684067 ], [ 2794796.451394106261432, -2298203.492466499563307 ], [ 2795984.858214875683188, -2298249.911269734613597 ], [ 2801303.51688787015155, -2298284.40041367104277 ] ], [ [ 2608011.183927222155035, -2271428.160381622146815 ], [ 2608063.496593677438796, -2271563.926255827303976 ], [ 2608099.474526976235211, -2271793.451336937025189 ], [ 2608166.222048772964627, -2271891.071165812667459 ], [ 2608309.816969984676689, -2272031.389159781858325 ], [ 2608397.235737507231534, -2272052.022654956206679 ], [ 2608506.43036231957376, -2272072.33748259069398 ], [ 2608746.279276446904987, -2272090.741553392726928 ], [ 2608942.576849802397192, -2272109.779893963597715 ], [ 2609205.78717344161123, -2272237.385844205506146 ], [ 2609099.127285420894623, -2272392.318874839227647 ], [ 2608864.342520925216377, -2272724.412060229573399 ], [ 2608693.455591034144163, -2272956.975080881267786 ], [ 2608597.517720758914948, -2273100.79956934414804 ], [ 2608503.793632230255753, -2273397.971865192521363 ], [ 2608507.274783228524029, -2273638.948424678761512 ], [ 2608509.648578125517815, -2273803.252253134269267 ], [ 2608628.943602410145104, -2274092.718372634612024 ] ] ] } },
{ "type": "Feature", "properties": { "ID": 0, "LENGTH": 239317.0, "TYP": "Main Track", "SOURCE": "Landsat TM Delta Mosaic April 2000", "DATE_SOURC": "April 2000", "CREATOR": "FM", "DATE_CREAT": "03/ 2002", "LOCATION": null, "ACCESS": null }, "geometry": { "type": "MultiLineString", "coordinates": [ [ [ 2427290.884499557316303, -2068301.072792625753209 ], [ 2427657.652376991696656, -2068313.819648410426453 ], [ 2428336.113680862355977, -2068566.115490080788732 ], [ 2428913.038586788345128, -2068890.772228327346966 ], [ 2430593.076796204783022, -2069688.683228239882737 ], [ 2432036.050718835555017, -2070600.876358153065667 ], [ 2432882.846942756325006, -2071087.827357157599181 ], [ 2433436.419980234466493, -2071739.79085546429269 ], [ 2433901.790757795795798, -2072253.704403046052903 ], [ 2434441.902689059264958, -2072691.72802442451939 ], [ 2434755.731703245081007, -2072904.232666606549174 ], [ 2434993.771253410726786, -2072966.031741302227601 ], [ 2435676.736803130246699, -2073176.742056825198233 ], [ 2436065.238413352984935, -2073300.743814212735742 ], [ 2436391.119234787300229, -2073412.455663326662034 ], [ 2436654.316694271285087, -2073499.291706533869728 ], [ 2437081.226068531163037, -2073799.338066436816007 ], [ 2437558.323940930422395, -2074124.31014340929687 ], [ 2438173.456686238292605, -2074524.127499968744814 ], [ 2439007.603509226348251, -2074922.833906153216958 ], [ 2439534.247632797807455, -2075134.213838458992541 ], [ 2439872.625473342835903, -2075233.224085743539035 ], [ 2440085.614231056533754, -2075282.504886728944257 ], [ 2440838.548108744435012, -2075694.150107278022915 ], [ 2441215.249624810181558, -2075944.030708492500708 ], [ 2441692.84568055998534, -2076344.476283565629274 ], [ 2442201.553607235196978, -2076706.983017040183768 ], [ 2442565.839817413594574, -2076969.504679768113419 ], [ 2443131.351903528440744, -2077419.842109755380079 ], [ 2443672.119660854805261, -2077920.669545129174367 ], [ 2444187.487857559230179, -2078346.075642835348845 ], [ 2444608.67762003140524, -2078709.015353576513007 ], [ 2445120.403950407169759, -2078927.877394576556981 ], [ 2445248.448676644358784, -2078982.638809581287205 ], [ 2445875.118336085230112, -2079142.982904730830342 ], [ 2446263.318478458095342, -2079178.670771606499329 ], [ 2446665.786734367255121, -2079541.680688716936857 ], [ 2446980.518281964119524, -2079879.979148106183857 ], [ 2447282.472739076707512, -2080167.975099662784487 ], [ 2447471.105208401102573, -2080330.657137206522748 ], [ 2447697.495328101795167, -2080530.911856516264379 ], [ 2447898.31073258491233, -2080630.559111599577591 ], [ 2448049.059963421430439, -2080730.479550005402416 ], [ 2448207.026032156310976, -2081006.668081681942567 ], [ 2448258.32561726635322, -2081233.07096909196116 ], [ 2448372.350520032923669, -2081484.318603483960032 ], [ 2448548.417923078872263, -2081634.475179036846384 ], [ 2448850.626895601861179, -2081960.250885151326656 ], [ 2448913.766151941847056, -2082060.654687045840546 ], [ 2448914.385490918532014, -2082173.998873511562124 ], [ 2449105.118292135652155, -2082714.501312243752182 ], [ 2449132.086251811590046, -2083067.001985114067793 ], [ 2449252.461547197774053, -2083330.825719317421317 ], [ 2449354.822655286639929, -2083733.298481163335964 ], [ 2449912.6994210886769, -2084553.929364796495065 ], [ 2450294.62524544633925, -2084793.629392448114231 ], [ 2450585.803251371718943, -2084922.991224176483229 ], [ 2451116.854418072849512, -2084960.305540922563523 ], [ 2451358.299400148913264, -2085150.398268698947504 ], [ 2451650.505759231746197, -2085461.124326096381992 ], [ 2451902.487409349065274, -2085741.848101356998086 ], [ 2452083.682337986305356, -2085902.049858663696796 ], [ 2452434.641898696310818, -2085970.586698071332648 ], [ 2452635.134103215765208, -2085999.671152590308338 ], [ 2453122.000902021769434, -2086188.343951261602342 ], [ 2453454.313996826298535, -2086498.826849859906361 ], [ 2453958.185658052098006, -2087030.021938318153843 ], [ 2454220.69759518140927, -2087391.296800423879176 ], [ 2454391.850404467433691, -2087541.469582349061966 ], [ 2454623.048832221888006, -2087681.213828930398449 ], [ 2454894.376200375612825, -2087830.799750654958189 ], [ 2455185.683173215482384, -2087970.187869448214769 ], [ 2455486.367439292371273, -2087998.658248040825129 ], [ 2455912.675556294154376, -2088096.930566752096638 ], [ 2456174.000148747581989, -2088246.560559629229829 ], [ 2456315.35846543032676, -2088437.211082473862916 ], [ 2456507.9267638605088, -2088819.048707576934248 ], [ 2456870.682247013784945, -2089179.722685779910535 ], [ 2457304.168832273222506, -2089640.762141819577664 ], [ 2457716.386571022216231, -2089890.26968971057795 ], [ 2458128.314970200415701, -2090089.377918611513451 ], [ 2458655.999223469290882, -2090378.492909373482689 ], [ 2458937.710198724642396, -2090578.374170488445088 ], [ 2459259.741169635672122, -2090818.325946888886392 ], [ 2459450.935405104421079, -2090958.276180620538071 ], [ 2459603.392546303104609, -2091320.211464979220182 ], [ 2459865.999871610663831, -2091671.400232704589143 ], [ 2460258.922135444357991, -2092031.873458125628531 ], [ 2460399.979222818277776, -2092162.049050300614908 ], [ 2460677.272896486334503, -2092452.669313174439594 ], [ 2460949.933132080361247, -2092803.799830741249025 ], [ 2461242.94897483382374, -2093205.208868744084612 ], [ 2461445.184626333415508, -2093506.37607465707697 ], [ 2461687.813616578001529, -2093857.698920475086197 ], [ 2461849.488682519644499, -2094078.474981314502656 ], [ 2462329.711525960359722, -2094771.081907931249589 ], [ 2462622.90887422952801, -2095192.668273421004415 ], [ 2462894.580250219907612, -2095372.435192694421858 ], [ 2463085.779966153670102, -2095502.296884539537132 ], [ 2463336.917361492291093, -2095601.535662474343553 ], [ 2463608.600345410872251, -2095781.295900466619059 ], [ 2463769.809181723743677, -2095921.423747167689726 ], [ 2463962.089645238127559, -2096222.665128383319825 ], [ 2464362.962943172082305, -2097026.69610184431076 ], [ 2464717.314946474973112, -2097599.144439121242613 ], [ 2464828.502221514005214, -2097749.676013022195548 ], [ 2464980.412575536873192, -2098000.775832447223365 ], [ 2465142.030470909550786, -2098201.401081834919751 ], [ 2465292.929508001543581, -2098291.182991530746222 ], [ 2465721.346184722147882, -2098681.676501260604709 ], [ 2465889.64727875078097, -2098852.348682828713208 ], [ 2466013.25787724275142, -2099041.499456093180925 ], [ 2466095.191473602317274, -2099201.696493759285659 ], [ 2466147.855052431579679, -2099326.598140818066895 ], [ 2466235.672666874714196, -2099467.31343618966639 ], [ 2466265.752097978722304, -2099595.108212944120169 ], [ 2466339.417684094980359, -2099759.536552757490426 ], [ 2466611.332230728119612, -2100102.20324813015759 ], [ 2466871.413171656429768, -2100640.555871977470815 ], [ 2467025.692051784135401, -2100978.3442173008807 ], [ 2467091.217226489912719, -2101165.796054607722908 ], [ 2467151.577145742252469, -2101518.199784158729017 ], [ 2467194.348213012330234, -2101716.241764926351607 ], [ 2467260.505789893679321, -2101918.741315538529307 ], [ 2467425.718754149973392, -2102201.150158359669149 ], [ 2467582.525076678954065, -2102383.841239496599883 ], [ 2468039.728573377709836, -2102810.916057498659939 ], [ 2468456.920336300972849, -2103242.139274121262133 ], [ 2468780.11860381020233, -2103613.172777273692191 ], [ 2468931.599382733926177, -2103783.628297474235296 ], [ 2469144.742561406455934, -2104185.647160696331412 ], [ 2469272.025298844557256, -2104487.379988460335881 ], [ 2469354.134417883586138, -2104779.329234307166189 ], [ 2469476.345989078748971, -2105071.016574777662754 ], [ 2469759.625014842953533, -2105462.501972943544388 ], [ 2470164.148659460246563, -2105994.395052139181644 ], [ 2470315.726071670185775, -2106174.944328667595983 ], [ 2471755.041811545845121, -2107769.133286213967949 ], [ 2472098.226035280153155, -2108109.790868394076824 ], [ 2472279.849075243808329, -2108280.051250687334687 ], [ 2473153.391565939877182, -2109202.199986313004047 ], [ 2473345.400758070405573, -2109422.828918342944235 ], [ 2473558.218334383331239, -2109754.287588138598949 ], [ 2474012.794426202774048, -2110245.507622356526554 ], [ 2474422.13122675055638, -2110716.86180021520704 ], [ 2474593.632236735895276, -2110867.012543301098049 ], [ 2475007.250847490970045, -2111227.358328841626644 ], [ 2475280.076682128943503, -2111528.142469310667366 ], [ 2475613.426252676174045, -2111878.952919539064169 ], [ 2475865.935717850457877, -2112139.521004748530686 ], [ 2476700.046286235097796, -2113112.394981226883829 ], [ 2476941.786638293880969, -2113262.048542194068432 ], [ 2477295.883893872611225, -2113703.52360674040392 ], [ 2477725.357170956209302, -2114164.649589220993221 ], [ 2477846.624600170180202, -2114294.968438704963773 ], [ 2478059.217173233162612, -2114575.999750184360892 ], [ 2478392.737082133535296, -2114936.900367825757712 ], [ 2478686.007933778688312, -2115277.905657252762467 ], [ 2478908.653026308398694, -2115558.868574179243296 ], [ 2479389.852171178441495, -2116231.546146291773766 ], [ 2479632.435780564788729, -2116492.187290669884533 ], [ 2479955.341075825039297, -2116762.343237199354917 ], [ 2480358.428045859094709, -2117021.827527365647256 ], [ 2480730.712589234579355, -2117180.610179616604 ], [ 2481133.456075960770249, -2117389.6255251490511 ], [ 2481535.77278940519318, -2117538.085569424554706 ], [ 2481686.887804329395294, -2117627.81490113819018 ], [ 2481974.366128875408322, -2117847.747329337056726 ], [ 2482256.835230519995093, -2118067.714099414646626 ], [ 2482620.728204235900193, -2118448.560994069091976 ], [ 2482843.756224483717233, -2118769.886010847054422 ], [ 2483087.734338263515383, -2119212.172532795462757 ], [ 2483270.284819082356989, -2119483.336773946415633 ], [ 2483472.610026559792459, -2119713.984869558364153 ], [ 2483863.62735287938267, -2120367.155383133795112 ], [ 2483944.401090316474438, -2120437.211436321493238 ], [ 2484106.097672856878489, -2120597.509112378116697 ], [ 2484368.34215341322124, -2120787.341358731966466 ], [ 2484642.329606416635215, -2121209.238894576206803 ], [ 2484907.485252791084349, -2121792.710720882751048 ], [ 2485074.812349309679121, -2122033.72116119088605 ], [ 2485206.283303963951766, -2122174.058171210810542 ], [ 2485438.832677707076073, -2122414.582496158778667 ], [ 2485520.366704463493079, -2122585.576556843705475 ], [ 2485611.711261697579175, -2122726.214774867519736 ], [ 2485923.865319655276835, -2122875.291668336838484 ], [ 2486522.071409785188735, -2123708.65466143656522 ], [ 2486751.596433067228645, -2124211.675608064047992 ], [ 2486862.648577009793371, -2124301.693377874325961 ], [ 2487073.891217086929828, -2124370.762064596638083 ], [ 2487166.313201799057424, -2124652.731200782582164 ], [ 2487217.617933089379221, -2124803.773948687128723 ], [ 2487379.301084720063955, -2124953.980400500819087 ], [ 2487541.820054660085589, -2125215.232166033238173 ], [ 2488306.8739606407471, -2125532.468468957114965 ], [ 2488408.058217141777277, -2125642.749440741725266 ], [ 2488509.472348739393055, -2125783.316546073183417 ], [ 2488667.988468438386917, -2126175.848157864063978 ], [ 2489004.115757045801729, -2126829.528633608017117 ], [ 2489095.811805639881641, -2127010.560948262456805 ], [ 2489287.556240622885525, -2127150.43881792249158 ], [ 2489881.952434902545065, -2127448.756941688247025 ], [ 2490355.397101651877165, -2127677.320143655408174 ], [ 2490914.388014293741435, -2127935.499652275815606 ], [ 2491216.313602091278881, -2128044.215500300284475 ], [ 2491579.313940970692784, -2128263.517757140100002 ], [ 2491943.493791249580681, -2128634.263903327751905 ], [ 2492947.249063744209707, -2128646.571690189186484 ], [ 2493110.894808223936707, -2129039.076211321633309 ], [ 2493303.473801189567894, -2129279.894357913173735 ], [ 2493620.090165726840496, -2129337.974913670215756 ], [ 2493831.801483567338437, -2129457.467912370339036 ], [ 2494024.076203668024391, -2129657.895001412369311 ], [ 2494146.01982051320374, -2129848.783198145218194 ], [ 2494319.022180435247719, -2130150.343100336380303 ], [ 2494433.398321704007685, -2130654.335064487997442 ], [ 2494536.232776579447091, -2130966.561639594379812 ], [ 2494607.606180127244443, -2131107.369576102122664 ], [ 2494729.007574026007205, -2131227.582042640540749 ], [ 2494882.435404836665839, -2131589.904296641703695 ], [ 2495066.620625469367951, -2132032.776046156417578 ], [ 2495230.978906551375985, -2132506.111335870809853 ], [ 2495370.087604719679803, -2132634.809807832818478 ], [ 2495357.891143024433404, -2132774.350964047480375 ], [ 2495434.426399559248239, -2132939.51349234348163 ], [ 2495531.311565498821437, -2132960.358956644777209 ], [ 2495847.860470531973988, -2133076.813838918693364 ], [ 2496453.449243352748454, -2133486.008907309733331 ], [ 2496710.912881191819906, -2133691.160130275413394 ], [ 2496842.427293551154435, -2133795.950552826747298 ], [ 2497205.591775896959007, -2134015.199903042521328 ], [ 2497608.593444479163736, -2134193.720804465003312 ], [ 2498011.113521559629589, -2134311.639033756218851 ], [ 2498633.916159538552165, -2134357.046516126021743 ], [ 2499567.999481656122953, -2134409.97165750619024 ], [ 2500025.168185896240175, -2134456.698857123497874 ], [ 2500317.444347761105746, -2134595.680574648547918 ], [ 2500478.972840694710612, -2134705.442662072833627 ], [ 2500834.803575546480715, -2135247.898442783392966 ], [ 2501179.784335945732892, -2135689.446241123601794 ], [ 2501454.50468399329111, -2136131.583075278904289 ], [ 2501576.143969931639731, -2136271.978294925764203 ], [ 2501898.993024754337966, -2136461.19559521228075 ], [ 2502619.838859913405031, -2136818.785031152889132 ], [ 2502862.135585476644337, -2136978.36398262437433 ], [ 2503065.285892418120056, -2137259.485240810550749 ], [ 2503417.356829006224871, -2137337.324607286602259 ], [ 2503749.096846868284047, -2137385.025920066516846 ], [ 2504070.797990943305194, -2137432.806978472974151 ], [ 2504342.470062924083322, -2137501.210211945697665 ], [ 2504513.913311327807605, -2137590.665054725017399 ], [ 2505234.074709317646921, -2137857.265236063394696 ], [ 2505536.815328149590641, -2138036.503962089773268 ], [ 2505778.464214734267443, -2138115.246958354022354 ], [ 2506130.557685657870024, -2138193.039023844059557 ], [ 2506522.728618839289993, -2138260.37828128458932 ], [ 2506834.49335598712787, -2138318.301650366280228 ], [ 2507276.9559390489012, -2138395.293841640464962 ], [ 2507649.398545433301479, -2138503.187978690024465 ], [ 2508126.661568124778569, -2138539.45267191156745 ], [ 2508567.218952404335141, -2138394.19570630043745 ], [ 2509068.097370478790253, -2138258.504923750180751 ], [ 2509487.860701726283878, -2138032.600536769255996 ], [ 2509848.162825614679605, -2137898.123926822096109 ], [ 2510167.686102936975658, -2137693.292013806290925 ], [ 2510355.63231221633032, -2137368.403039263095707 ], [ 2510511.432691546157002, -2136811.482642141636461 ], [ 2510547.727314767893404, -2136731.417406420223415 ], [ 2510580.389629936777055, -2136659.364701176527888 ], [ 2510759.952792433556169, -2136526.473904617596418 ], [ 2511074.953872168436646, -2136382.286117368843406 ], [ 2511335.264934363309294, -2136299.181135427206755 ], [ 2511775.833331785630435, -2136163.973542863503098 ], [ 2512166.377960909623653, -2136049.402456844225526 ], [ 2512596.895138182677329, -2135914.268183741252869 ], [ 2512977.65761045133695, -2135830.070679807569832 ], [ 2513228.180555131752044, -2135777.331679741851985 ], [ 2513815.005280253943056, -2135155.979135588277131 ], [ 2514057.878278273623437, -2134913.511788958217949 ], [ 2514407.081768262665719, -2134564.881868266034871 ], [ 2514734.021732532884926, -2134077.169244704768062 ], [ 2515161.772040393669158, -2133639.04898605402559 ], [ 2515599.450545931234956, -2133190.741624505259097 ], [ 2515833.880805875640363, -2133027.039129490964115 ], [ 2516012.92165582627058, -2132843.640832676086575 ], [ 2516201.181132171768695, -2132569.273042931687087 ], [ 2516529.58808355499059, -2132253.240454209968448 ], [ 2516818.746851844713092, -2132038.546651774086058 ], [ 2517298.229549216106534, -2131781.722113881725818 ], [ 2517843.118320669978857, -2131544.486845680512488 ], [ 2518373.305287329945713, -2131347.765919658355415 ], [ 2518923.369192991405725, -2131130.655110008083284 ], [ 2519412.835618801414967, -2130873.702025953214616 ], [ 2519782.228035753592849, -2130658.241731133777648 ], [ 2520087.951614677906036, -2130615.020932560320944 ], [ 2520540.768183309584856, -2130742.083299938589334 ], [ 2521302.747947591822594, -2130654.20913956547156 ], [ 2521859.359877042472363, -2130608.618303848430514 ], [ 2522140.360373036935925, -2130605.986323026008904 ], [ 2522503.23893625754863, -2130774.234595800284296 ], [ 2522773.548265765421093, -2130701.012794201262295 ], [ 2523203.579986506607383, -2130535.408213772345334 ], [ 2523453.905861978884786, -2130472.463844473939389 ], [ 2523823.807245398405939, -2130317.512786538805813 ], [ 2524202.414533393923193, -2130021.117438574321568 ], [ 2524397.062573798466474, -2129908.206979579757899 ], [ 2524577.413185180630535, -2129876.205065796151757 ], [ 2524905.16080207657069, -2129509.610737682785839 ], [ 2525113.712568454444408, -2129275.406896143220365 ], [ 2525502.600166902411729, -2129009.195725096855313 ], [ 2526300.41210534889251, -2128476.571271498221904 ], [ 2526794.148615384008735, -2128158.863911395892501 ], [ 2527093.642209282144904, -2127994.454248284455389 ], [ 2527423.040859898552299, -2127809.562349108513445 ], [ 2527802.217766345012933, -2127583.804847192484885 ], [ 2527950.897032363340259, -2127390.556361700873822 ], [ 2528373.377301606349647, -2126447.624656029976904 ], [ 2528477.47251912811771, -2126315.384308096021414 ], [ 2528705.918529378250241, -2126070.897828379645944 ], [ 2528844.255295816808939, -2125847.474871731363237 ], [ 2529394.277504696510732, -2124610.636138799600303 ], [ 2529932.297044070437551, -2123696.968287986237556 ], [ 2530694.416474909521639, -2122619.654383933637291 ], [ 2531650.097459845244884, -2121338.629467745311558 ], [ 2532020.837719497270882, -2121294.617469321005046 ], [ 2533063.522264950443059, -2121233.873212519101799 ], [ 2533753.349806535523385, -2120994.922952137887478 ], [ 2534208.639285467099398, -2120879.388798451516777 ], [ 2534617.79328635847196, -2120663.387185460422188 ], [ 2534916.906250847969204, -2120478.753374974243343 ], [ 2535265.066727179568261, -2120182.6201117830351 ], [ 2535762.563516004011035, -2119773.985715846065432 ], [ 2536080.910576163325459, -2119508.422392148058861 ], [ 2536387.015978179872036, -2119020.980446486268193 ], [ 2536599.435927375685424, -2118695.939641936216503 ], [ 2536956.263701528310776, -2118268.543099615722895 ], [ 2537134.169587007723749, -2118004.399519943166524 ], [ 2537359.497799906414002, -2117467.346187587827444 ], [ 2537984.729112034663558, -2116805.185845047235489 ], [ 2538943.212293696589768, -2115877.32499973103404 ], [ 2539697.678514811210334, -2115112.968976366799325 ], [ 2540005.46502189990133, -2114807.166571104433388 ], [ 2540384.754846780095249, -2114631.783861851319671 ], [ 2540614.65745197609067, -2114558.811077615246177 ], [ 2543565.745860147289932, -2113378.328606312163174 ], [ 2544448.787593406159431, -2112955.545501234475523 ], [ 2544537.668241984210908, -2112823.480909900739789 ], [ 2544718.482617136090994, -2111883.482019706163555 ], [ 2545493.248107763472944, -2111179.393261249177158 ], [ 2546351.909605632070452, -2110353.386937877163291 ], [ 2546869.187658300157636, -2109964.673101933673024 ], [ 2547713.441701321396977, -2109209.416648440528661 ], [ 2547981.867491743061692, -2108994.781228567939252 ], [ 2548553.360154245048761, -2108524.799516599159688 ], [ 2548912.823914933949709, -2108389.874374321196228 ], [ 2549821.429858534131199, -2108047.390336088370532 ], [ 2550190.684514832682908, -2107892.172513464465737 ], [ 2550541.274547823239118, -2107868.250834790524095 ], [ 2550686.060776202939451, -2106868.33396832132712 ], [ 2551071.482582261320204, -2106349.911580038722605 ], [ 2551241.538166507612914, -2106317.83413598081097 ], [ 2552460.16492556175217, -2104983.762229301035404 ], [ 2552657.149228651076555, -2104658.974162918981165 ], [ 2553181.478859027847648, -2104018.081096026580781 ], [ 2553669.083313697483391, -2103226.360323259141296 ], [ 2554540.362419880460948, -2102238.933539626188576 ], [ 2554877.130669718142599, -2101872.32410269184038 ], [ 2555614.885368510615081, -2101057.759537421632558 ], [ 2555890.301233384292573, -2100580.937742210924625 ], [ 2556137.06672126473859, -2100235.487487417180091 ], [ 2556643.434186627157032, -2099806.548028646502644 ], [ 2557331.062501128297299, -2099002.6452417219989 ], [ 2558283.886212850920856, -2098175.666225634049624 ], [ 2558889.557551139499992, -2097675.06829747185111 ], [ 2560322.413739200215787, -2096328.717328540515155 ], [ 2560935.880133789498359, -2095636.537108780350536 ], [ 2562608.379350300412625, -2094247.193766528507695 ], [ 2562826.814754060003906, -2094073.418633765773848 ], [ 2563021.177109054755419, -2093537.134409621357918 ], [ 2563706.541819783858955, -2092572.098993452498689 ], [ 2563942.390109186992049, -2092166.372835774440318 ], [ 2564144.245201067533344, -2091408.373638968449086 ], [ 2564246.576035224832594, -2091155.316714808344841 ], [ 2564253.435960012022406, -2090873.116082822205499 ], [ 2564467.313023122493178, -2090296.385233457200229 ], [ 2564861.07761958707124, -2089687.404693339252844 ], [ 2565217.028695387765765, -2089280.363692353945225 ], [ 2565637.255622098222375, -2088802.071948461700231 ], [ 2565921.389125102199614, -2088244.738996994681656 ], [ 2566064.545488694682717, -2087618.506498308619484 ], [ 2566139.653237523511052, -2087174.396606795955449 ], [ 2566219.764360091183335, -2086730.239345560548827 ], [ 2566245.944152015727013, -2086387.440476613352075 ], [ 2566382.587771818041801, -2086073.608554213773459 ], [ 2566478.388891176786274, -2085689.734673994593322 ], [ 2566582.949769139755517, -2085194.966288395458832 ], [ 2566761.90486865863204, -2084638.925474776653573 ], [ 2566796.043298585806042, -2084114.768576439935714 ], [ 2567126.049630472902209, -2083194.441739125875756 ], [ 2567234.111287601757795, -2083011.914911246858537 ], [ 2567639.495103304740041, -2082120.985305844573304 ], [ 2567917.800213992130011, -2081060.341279919724911 ], [ 2568075.878128920681775, -2080434.152955119032413 ], [ 2568269.660657961852849, -2079867.99518136610277 ], [ 2568352.093575412407517, -2079192.360042489599437 ], [ 2568468.993173883296549, -2078909.066620656521991 ], [ 2568576.779263776727021, -2078263.380618219031021 ], [ 2568603.721251511946321, -2077991.200450267409906 ], [ 2568957.011210132855922, -2077372.932753996690735 ], [ 2569330.40844641905278, -2076764.516950280638412 ], [ 2569570.188418382313102, -2076288.540304759750143 ], [ 2569766.992337378207594, -2075994.29466661834158 ], [ 2569904.213391278870404, -2075741.010586400283501 ], [ 2569990.48503294121474, -2075407.772798114921898 ], [ 2570246.62091456213966, -2075052.446290836902335 ], [ 2570522.414696738589555, -2074666.693892223061994 ], [ 2570675.660495703108609, -2074503.844299843767658 ], [ 2570783.650310887023807, -2074321.383548639249057 ], [ 2570829.99830972449854, -2073998.695421440992504 ], [ 2570787.449906695634127, -2073777.710347073385492 ], [ 2570501.45820352062583, -2073267.597266042372212 ], [ 2570287.461456016637385, -2072927.794921851949766 ], [ 2570142.816161070484668, -2072526.797720819246024 ], [ 2570072.178677786607295, -2072034.358236890519038 ], [ 2569996.429565741214901, -2071531.922915794653818 ], [ 2569988.652908420655876, -2070847.534324241569266 ], [ 2570055.789394596591592, -2070152.241753962356597 ], [ 2570131.698243412189186, -2069789.019660341786221 ], [ 2570543.007304968312383, -2069009.283684123074636 ], [ 2570738.591202011331916, -2068614.508321819826961 ], [ 2570894.961514730937779, -2068290.642282135086134 ], [ 2571386.753468175418675, -2067117.531103515066206 ], [ 2571510.228255887050182, -2066542.476103082066402 ], [ 2571765.551137178670615, -2066126.925320994108915 ], [ 2572270.476295565720648, -2065235.531099597224966 ], [ 2572554.503018585033715, -2064708.978375214617699 ], [ 2572826.324364237021655, -2063991.395101797301322 ], [ 2572968.67109769070521, -2063758.313346716342494 ], [ 2573334.508603593334556, -2063391.831065033795312 ], [ 2573759.172937183640897, -2062924.04811208951287 ], [ 2574024.525038425344974, -2062518.494659644784406 ], [ 2574497.642691559158266, -2061919.359397074906155 ], [ 2574596.007183826994151, -2061777.355375511804596 ], [ 2574819.587959817610681, -2061654.010476795258 ], [ 2575006.542539824731648, -2061390.240306631661952 ], [ 2575252.78558616572991, -2061065.413940764963627 ], [ 2575388.806383279617876, -2060721.760728509398177 ], [ 2575743.966755973175168, -2060305.121352065587416 ], [ 2576108.994029822293669, -2059878.309869028395042 ], [ 2576315.678938790224493, -2059594.201681535458192 ], [ 2576772.850890607573092, -2058924.880921696312726 ], [ 2577156.773352120537311, -2058407.326886611292139 ], [ 2577431.41551133338362, -2057951.424424185417593 ], [ 2577655.124335486441851, -2057415.660433940123767 ], [ 2578077.638184226118028, -2056354.52245239703916 ], [ 2578242.04703556234017, -2055879.845419499091804 ], [ 2578417.38538636174053, -2055485.511740587186068 ], [ 2578544.622743108309805, -2055252.676919555757195 ], [ 2578732.707877411041409, -2054667.110710230655968 ], [ 2578918.37684943433851, -2054302.846990819554776 ], [ 2579115.448656722903252, -2054059.138172533828765 ], [ 2579420.098880305886269, -2053613.015125372214243 ], [ 2579715.332352971192449, -2053217.293548880377784 ], [ 2579867.528628893662244, -2052984.182101639918983 ], [ 2579964.753518754150718, -2052751.726309318793938 ], [ 2580081.964724478311837, -2052519.035119631327689 ], [ 2580279.479885501787066, -2052315.558615776943043 ], [ 2580516.374658416025341, -2052061.332611793186516 ], [ 2580703.41361576737836, -2051817.758329296251759 ], [ 2580951.595437358599156, -2051674.0141225613188 ], [ 2581863.198763165157288, -2050618.23098183167167 ], [ 2581859.652383975218982, -2050318.510454528033733 ], [ 2582187.23303789133206, -2050172.593596378108487 ], [ 2582683.344867741689086, -2049693.342765142209828 ], [ 2582837.15536972368136, -2049298.481604730244726 ], [ 2583129.023908804170787, -2048930.734873225912452 ], [ 2583518.908352260477841, -2048752.508584160823375 ], [ 2583654.185883020982146, -2048261.84159987908788 ], [ 2585456.111380080226809, -2047268.226310793077573 ], [ 2588523.844305646140128, -2043892.124731640797108 ], [ 2593184.145342566072941, -2037948.816637668758631 ], [ 2593240.501192463561893, -2037863.945918111130595 ] ] ] } },
{ "type": "Feature", "properties": { "ID": 0, "LENGTH": 162622.0, "TYP": "Tarred Road", "SOURCE": "Landsat TM Delta Mosaic April 2000", "DATE_SOURC": "April 2000", "CREATOR": "FM", "DATE_CREAT": "03/ 2002", "LOCATION": null, "ACCESS": null }, "geometry": { "type": "MultiLineString", "coordinates": [ [ [ 2470979.201282108668238, -2180924.227225826121867 ], [ 2470934.838892701081932, -2181065.12845899630338 ], [ 2470739.48844147240743, -2181627.571511939167976 ], [ 2470419.1572021455504, -2182689.668324865400791 ], [ 2470328.685241388622671, -2183055.476194298360497 ], [ 2470208.677639891859144, -2183635.267588305752724 ], [ 2470044.030654180329293, -2184161.937573669012636 ], [ 2469886.898454303853214, -2184492.599355697166175 ], [ 2469664.985679282341152, -2185064.223195758182555 ], [ 2469420.321041806135327, -2185546.935879172291607 ], [ 2469203.172755844891071, -2186172.004308209754527 ], [ 2468931.880936261732131, -2187305.265333440620452 ], [ 2468776.93015916692093, -2187965.598244590684772 ], [ 2468581.517934381961823, -2188537.133224850986153 ], [ 2468371.731797361280769, -2188948.405502460431308 ], [ 2467907.851213844493032, -2189771.270971618127078 ], [ 2467484.682433438487351, -2190727.54403344867751 ], [ 2467396.507575294468552, -2191449.908811426255852 ], [ 2467489.432211102452129, -2192099.784844440873712 ], [ 2467699.786955757532269, -2193087.524188313633204 ], [ 2467760.29345893021673, -2193523.787511074449867 ], [ 2467710.132309279404581, -2193969.724048081319779 ], [ 2467387.662053018342704, -2195424.624596086796373 ], [ 2466965.667911530006677, -2196577.251108057796955 ], [ 2466686.13711612066254, -2197176.333310227375478 ], [ 2466237.07176459627226, -2198266.835136810783297 ], [ 2466166.078868810553104, -2198918.045886557549238 ], [ 2466287.923790706787258, -2200584.272117022424936 ], [ 2466378.697133293375373, -2201573.257503137923777 ], [ 2466311.540464063640684, -2202135.395515305455774 ], [ 2465767.22888280916959, -2203583.465789031703025 ], [ 2465596.942241162993014, -2203968.019275163300335 ], [ 2465043.27350544417277, -2204685.068007236346602 ], [ 2464213.396270689088851, -2205867.66991690127179 ], [ 2463817.606460197363049, -2206342.92810559971258 ], [ 2462738.213516957126558, -2207348.858352357987314 ], [ 2462412.642162369564176, -2207725.56264705164358 ], [ 2462202.419516229536384, -2208119.352465898729861 ], [ 2461375.890473426319659, -2209872.86607253132388 ], [ 2461233.723473750520498, -2210515.998446094337851 ], [ 2461301.916594093199819, -2211469.987764929886907 ], [ 2461417.510772212408483, -2212209.622036688961089 ], [ 2461777.254945936612785, -2212992.294673463795334 ], [ 2462615.741882499773055, -2214432.026422908063978 ], [ 2462786.672766984440386, -2214805.606713227462023 ], [ 2462935.904989135917276, -2215250.710133333224803 ], [ 2463033.554670872166753, -2216624.078359344508499 ], [ 2463157.717506773304194, -2217301.377395974472165 ], [ 2463493.426640141289681, -2218450.226170136593282 ], [ 2463724.648738719057292, -2219216.109306377358735 ], [ 2464181.912358057219535, -2219953.739401144441217 ], [ 2464316.737801304552704, -2220220.559986235573888 ], [ 2464761.09797815605998, -2221011.845021218061447 ], [ 2464896.887367440387607, -2221421.462661595549434 ], [ 2465042.74085028283298, -2222009.51728734979406 ], [ 2465211.020993903744966, -2222633.138008538167924 ], [ 2465346.714171078521758, -2223024.935479440260679 ], [ 2465742.090966422110796, -2223772.008952774573117 ], [ 2466276.763753935694695, -2224777.01160103874281 ], [ 2466421.06845979578793, -2225124.152962776366621 ], [ 2466566.160462775267661, -2225587.338252951391041 ], [ 2466870.642282488755882, -2226656.471653677523136 ], [ 2467077.995616503991187, -2227137.117228656541556 ], [ 2467692.404203503858298, -2228097.062021911609918 ], [ 2467872.563878048211336, -2228488.641743286512792 ], [ 2467990.304998193401843, -2228836.018121920526028 ], [ 2468008.663097530137748, -2228925.171538550406694 ], [ 2468132.981330592185259, -2229584.998454359360039 ], [ 2468349.398735200054944, -2230083.494351896923035 ], [ 2468475.362300783395767, -2230332.622961882967502 ], [ 2468661.530390739906579, -2230947.41937795560807 ], [ 2468768.955805532634258, -2231080.607977856881917 ], [ 2469984.754339086823165, -2232331.146281359251589 ], [ 2470258.019002264365554, -2232695.341862109024078 ], [ 2470502.341426114551723, -2233363.362417918629944 ], [ 2470737.680568223819137, -2234013.604993761982769 ], [ 2470798.925027996767312, -2235156.288021774031222 ], [ 2470763.780221074819565, -2235844.224747168365866 ], [ 2470442.589274606201798, -2236891.469646421261132 ], [ 2470299.85316852433607, -2238705.691147518809885 ], [ 2470332.798069974873215, -2238973.435898586176336 ], [ 2470592.151166710536927, -2240508.077986657619476 ], [ 2470910.717424521222711, -2242247.901086827274412 ], [ 2471174.616619501262903, -2243782.759722051676363 ], [ 2471494.063293996732682, -2245630.086311993654817 ], [ 2471821.643025468569249, -2247361.349133856594563 ], [ 2471998.21790622593835, -2247833.724462106823921 ], [ 2472674.010379363782704, -2249169.418721174821258 ], [ 2473102.191312188282609, -2250033.265668751206249 ], [ 2473893.839111158624291, -2252011.793005214072764 ], [ 2474469.098539325408638, -2253536.157425025478005 ], [ 2474597.125075168441981, -2254035.828615822829306 ], [ 2474979.14498349558562, -2255856.779827460646629 ], [ 2475361.247984296642244, -2257677.892558726482093 ], [ 2475743.106971950270236, -2259454.459028241224587 ], [ 2476006.072497458197176, -2260767.037970078643411 ], [ 2476053.340657318010926, -2261151.225789846852422 ], [ 2476053.99706724844873, -2261240.649698971770704 ], [ 2476320.767218922264874, -2263063.103318761102855 ], [ 2476578.047698402777314, -2264796.350036302581429 ], [ 2476817.203556473832577, -2266476.212185787037015 ], [ 2476892.980458803940564, -2267056.769415968097746 ], [ 2477048.181029940024018, -2268245.740345758851618 ], [ 2477226.7140854280442, -2270132.133939016610384 ], [ 2477286.916442445944995, -2270453.777722138445824 ], [ 2477466.922596350777894, -2270738.735227461904287 ], [ 2477690.737333751749247, -2270933.89005734724924 ], [ 2479058.788284924812615, -2271889.858600450213999 ], [ 2480404.806780892889947, -2272854.885175535921007 ], [ 2480531.173462780658156, -2273095.516477925237268 ], [ 2480614.091028545051813, -2273470.712431288324296 ], [ 2481094.975693404208869, -2275283.636657536495477 ], [ 2481374.055259053595364, -2276292.780637016519904 ], [ 2481464.736173314973712, -2276515.824296947102994 ], [ 2482100.66501631308347, -2277065.7790143112652 ], [ 2484049.061921144835651, -2278760.029725989792496 ], [ 2485881.351677603088319, -2280356.670880974736065 ], [ 2486468.597163691185415, -2280906.963871374260634 ], [ 2486523.16248359112069, -2281101.581473765429109 ], [ 2486524.013551193289459, -2281208.494582080747932 ], [ 2486490.288190078921616, -2281422.607991438824683 ], [ 2486544.564517796039581, -2281564.733423917554319 ], [ 2486550.291693749837577, -2281667.233665371779352 ], [ 2486968.072290181647986, -2282720.258485808037221 ], [ 2487554.715477653779089, -2284291.255055767018348 ], [ 2487734.51401084382087, -2284513.632607523817569 ], [ 2489370.926883918233216, -2285995.554248492233455 ], [ 2490222.469603867735714, -2286854.255954946856946 ], [ 2490398.19593403628096, -2286981.021022946573794 ], [ 2491508.36603516805917, -2287750.862239986192435 ], [ 2493320.784377041272819, -2288917.738741067703813 ], [ 2494170.835486522875726, -2289429.963554292917252 ], [ 2496413.576035369653255, -2290906.429303525015712 ], [ 2498190.977403381373733, -2292073.289512937422842 ], [ 2498665.488354100845754, -2292373.680075798649341 ], [ 2499240.752921767532825, -2292995.638448856770992 ], [ 2500048.968215343076736, -2293776.778532777447253 ], [ 2500551.989433301612735, -2294273.964165397454053 ], [ 2501170.954169997014105, -2294788.032702884171158 ], [ 2501962.37088966416195, -2295476.865051377564669 ], [ 2502413.913887506816536, -2295869.850037993863225 ], [ 2503078.8636704236269, -2296535.779967396520078 ], [ 2504743.764185722917318, -2297963.13852495374158 ], [ 2505272.690646795555949, -2298343.579401998315006 ], [ 2506344.129773183725774, -2299122.229758895467967 ], [ 2506622.104601161554456, -2299325.753840485587716 ], [ 2507033.848146387375891, -2299545.961212516762316 ], [ 2507472.812936164438725, -2299819.671380520332605 ], [ 2508170.163339476566762, -2300583.805041885003448 ], [ 2508709.21307812537998, -2301080.58852818235755 ], [ 2509059.494760550558567, -2301390.950897083617747 ], [ 2510043.434686263091862, -2302304.731049948371947 ], [ 2511178.659080763813108, -2303190.179026365280151 ], [ 2511849.310685228090733, -2303927.659542826004326 ], [ 2511935.037541142199188, -2304043.352530961390585 ], [ 2511995.345087725669146, -2304171.613042339682579 ], [ 2512973.056137830018997, -2305439.520903977099806 ], [ 2514298.209832870401442, -2307042.932924354914576 ], [ 2515236.804040836635977, -2308315.213852734770626 ], [ 2516428.988340189680457, -2309599.608022424858063 ], [ 2516984.557729583699256, -2310162.107093109283596 ], [ 2517945.357804336119443, -2311448.78542599780485 ], [ 2518519.642678024247289, -2312433.470252815168351 ], [ 2519543.323761412408203, -2314200.251978275366127 ], [ 2520589.217998980544508, -2315996.042786841280758 ], [ 2521097.764011390507221, -2316894.12080267816782 ], [ 2522069.669170319102705, -2318501.412621834781021 ], [ 2522403.256103626918048, -2319270.210038306657225 ], [ 2523175.72349665267393, -2321185.649749142117798 ], [ 2523523.749398346059024, -2321939.8123439992778 ], [ 2524960.473348006140441, -2324329.549768391996622 ], [ 2527303.959335896186531, -2328196.744155918713659 ] ] ] } },
{ "type": "Feature", "properties": { "ID": 0, "LENGTH": 14069.0, "TYP": "Track", "SOURCE": null, "DATE_SOURC": null, "CREATOR": null, "DATE_CREAT": null, "LOCATION": null, "ACCESS": null }, "geometry": { "type": "MultiLineString", "coordinates": [ [ [ 2655662.76544262515381, -2210535.032723391894251 ], [ 2655689.036763671319932, -2210647.55701313726604 ], [ 2655725.395132408011705, -2210779.558987444266677 ], [ 2655573.920831607189029, -2210859.288650428876281 ], [ 2655540.159486261196434, -2210978.01497721625492 ], [ 2655523.178929558489472, -2211037.003875305876136 ], [ 2655517.792285051662475, -2211073.220087889581919 ], [ 2655511.307715856470168, -2211133.538962484337389 ], [ 2655499.361934264190495, -2211225.560006160289049 ], [ 2655489.661583994980901, -2211272.38567416369915 ], [ 2655463.552553132176399, -2211412.813208200037479 ], [ 2655392.950947981793433, -2211724.461525795049965 ], [ 2655352.118777923285961, -2211856.85938279516995 ], [ 2655299.947914141230285, -2212024.728972064796835 ], [ 2655298.115545922890306, -2212055.336778377648443 ], [ 2655269.010898120701313, -2212133.442442313302308 ], [ 2655257.634390664286911, -2212152.449431694578379 ], [ 2655248.945111914072186, -2212192.580447954125702 ], [ 2655237.957055727485567, -2212235.10213060490787 ], [ 2655218.085348726715893, -2212305.997754906304181 ], [ 2655209.66768875066191, -2212362.589467369019985 ], [ 2655203.237982604186982, -2212397.978805645368993 ], [ 2655194.315452992450446, -2212424.001416333951056 ], [ 2655192.482961151748896, -2212454.609869292471558 ], [ 2655195.170021636877209, -2212475.73420310812071 ], [ 2655189.478421848267317, -2212555.802264302968979 ], [ 2655161.559865449089557, -2212864.991174359805882 ], [ 2655145.533796871546656, -2212956.40653944760561 ], [ 2655146.068015790078789, -2212988.740317560732365 ], [ 2655140.118840909563005, -2213159.375321298837662 ], [ 2655133.927006115205586, -2213315.314223095308989 ], [ 2655135.335608693771064, -2213400.55963176349178 ], [ 2655144.934267648961395, -2213870.855320599395782 ], [ 2655134.765846168622375, -2213918.806798544246703 ], [ 2655118.385396746452898, -2214033.021348637994379 ], [ 2655135.12151553016156, -2214161.384935988578945 ], [ 2655147.051258814055473, -2214219.99405261920765 ], [ 2655133.351784961298108, -2214275.356525052338839 ], [ 2655152.836382537614554, -2214597.563751821871847 ], [ 2655149.941141746006906, -2214698.692107446026057 ], [ 2655156.101890696212649, -2214795.074786836281419 ], [ 2655167.588317303452641, -2214937.314921398181468 ], [ 2655178.847151320427656, -2215065.775789529085159 ], [ 2655194.976195872761309, -2215212.5349155459553 ], [ 2655211.144572989549488, -2215327.131408702582121 ], [ 2655208.191407730337232, -2215493.739399127662182 ], [ 2655215.703669157344848, -2215602.738969455473125 ], [ 2655217.6034683175385, -2215717.576612558681518 ], [ 2655214.270730822812766, -2215861.220135876908898 ], [ 2655244.234722824767232, -2215946.8714928496629 ], [ 2655303.498253922443837, -2216077.981179776601493 ], [ 2655356.769736791960895, -2216191.960951095912606 ], [ 2655375.414438158739358, -2216283.546845243312418 ], [ 2655382.73839055839926, -2216381.06641980400309 ], [ 2655344.303986258804798, -2216473.609509658068419 ], [ 2655294.738468632567674, -2216583.570644440595061 ], [ 2655239.55958021664992, -2216699.370270062237978 ], [ 2655159.929984133690596, -2216847.170997140929103 ], [ 2655087.530120600946248, -2216957.516494395677 ], [ 2655014.844688093289733, -2217050.635398498736322 ], [ 2654958.428239258937538, -2217091.78711176617071 ], [ 2654919.705882073380053, -2217167.106133694760501 ], [ 2654939.20465609524399, -2217310.378476585261524 ], [ 2654969.265598744153976, -2217401.779056839644909 ], [ 2654993.618606580421329, -2217493.27556203911081 ], [ 2655001.322190696839243, -2217613.771363239735365 ], [ 2654968.782518807332963, -2217717.709687245544046 ], [ 2654924.635803287383169, -2217810.354516967665404 ], [ 2654885.722127241082489, -2217874.191348491236567 ], [ 2654802.090640731155872, -2217996.218448678962886 ], [ 2654729.020573559217155, -2218066.371655000373721 ], [ 2654577.834744818974286, -2218246.972231197636575 ], [ 2654488.111762261018157, -2218346.125477610621601 ], [ 2654393.248415148351341, -2218479.830921876244247 ], [ 2654316.132978788111359, -2218521.330467460211366 ], [ 2654237.729723328724504, -2218614.550618948880583 ], [ 2654187.395073631778359, -2218678.580097256693989 ], [ 2654107.853077918756753, -2218702.886626309715211 ], [ 2654045.721233159769326, -2218744.135296430904418 ], [ 2653961.038571314886212, -2218802.993936804588884 ], [ 2653944.575729297939688, -2218843.479997714515775 ], [ 2653911.839365318417549, -2218935.938194307964295 ], [ 2653918.874568244908005, -2219016.243702837731689 ], [ 2653931.997731066774577, -2219119.426189345307648 ], [ 2653938.748983510769904, -2219182.503553661517799 ], [ 2653911.531546244397759, -2219263.382070635911077 ], [ 2653809.814430704806, -2219328.270902029238641 ], [ 2653742.539394048973918, -2219404.07393168983981 ], [ 2653703.524204443674535, -2219462.17156030703336 ], [ 2653670.217832097318023, -2219520.174042180646211 ], [ 2653665.645238403230906, -2219589.186467952094972 ], [ 2653707.123232444282621, -2219680.409477202687413 ], [ 2653725.292196115944535, -2219743.298336037434638 ], [ 2653714.632020394783467, -2219789.434109569061548 ], [ 2653652.685259813908488, -2219842.170887542888522 ], [ 2653579.225459111854434, -2219889.35484973480925 ], [ 2653499.866971700452268, -2219925.147568356245756 ], [ 2653403.002238254062831, -2219938.252729648724198 ], [ 2653318.123179455753416, -2219985.626567950006574 ], [ 2653151.837430879473686, -2220074.570754113141447 ], [ 2653024.918412443250418, -2220170.039441382046789 ], [ 2652898.470717425923795, -2220294.224727869499475 ], [ 2652828.404897860717028, -2220374.384300157427788 ], [ 2652730.382843222469091, -2220490.915609244722873 ], [ 2652703.253394073341042, -2220577.542235367465764 ], [ 2652683.496437011752278, -2220678.409079495817423 ], [ 2652649.111857438459992, -2220757.976026331074536 ], [ 2652593.080874510109425, -2220823.540599445812404 ], [ 2652587.596743961796165, -2220924.17131471959874 ], [ 2652595.677950750105083, -2220981.488204568158835 ], [ 2652598.511272318661213, -2221153.796176820993423 ], [ 2652576.806792331859469, -2221223.099789415951818 ], [ 2652544.060943016316742, -2221315.56850498681888 ], [ 2652493.714108885731548, -2221379.603994280099869 ], [ 2652438.60149246128276, -2221501.171853165142238 ], [ 2652411.753088733647019, -2221605.034270407166332 ], [ 2652384.432385399006307, -2221680.178221639245749 ], [ 2652340.26573543343693, -2221772.83885206701234 ], [ 2652279.347182451747358, -2221888.760209792759269 ], [ 2652246.221561468206346, -2221958.256255243439227 ], [ 2652196.249603514093906, -2222045.269089907407761 ], [ 2652116.784995921421796, -2222075.317583873402327 ], [ 2652042.463793842121959, -2222070.807417178060859 ], [ 2651956.345943493302912, -2222043.510968716815114 ], [ 2651882.11909981071949, -2222044.743980299681425 ], [ 2651768.772135742940009, -2222098.335802666842937 ], [ 2651678.26359500316903, -2222151.548042783513665 ], [ 2651497.433346556965262, -2222269.459991126321256 ], [ 2651368.177841937635094, -2222398.006962678860873 ], [ 2651329.149877234827727, -2222456.110437961295247 ], [ 2651272.897872975561768, -2222508.753884972538799 ], [ 2651222.167298608925194, -2222549.814564450643957 ], [ 2651142.980772327631712, -2222597.09259868087247 ], [ 2651087.009918531402946, -2222666.96844343142584 ], [ 2651025.046603944618255, -2222719.706635495647788 ], [ 2650946.140926040709019, -2222784.216876284684986 ], [ 2650771.855606805533171, -2222953.730581454001367 ], [ 2650676.287655405700207, -2223047.245641065295786 ] ] ] } },
{ "type": "Feature", "properties": { "ID": 0, "LENGTH": 28045.0, "TYP": "Main Track", "SOURCE": "Landsat TM Delta Mosaic April 2000", "DATE_SOURC": null, "CREATOR": "TM", "DATE_CREAT": "10/ 2002", "LOCATION": null, "ACCESS": null }, "geometry": { "type": "MultiLineString", "coordinates": [ [ [ 2439534.247632797807455, -2075134.213838458992541 ], [ 2440246.227111398242414, -2074718.745416554156691 ], [ 2441323.386142074596137, -2073802.578708529938012 ], [ 2442332.630614986177534, -2072575.816747399279848 ], [ 2442727.579248875379562, -2072107.374105182709172 ], [ 2443189.303840179461986, -2071749.628699570894241 ], [ 2443427.982095150277019, -2070948.890731476945803 ], [ 2443867.134856554213911, -2070502.440876725129783 ], [ 2444614.578883406706154, -2069921.12445773021318 ], [ 2445097.243462230544537, -2069363.412443087203428 ], [ 2445557.226524320431054, -2068694.800191455986351 ], [ 2445929.371029197238386, -2068115.488024462712929 ], [ 2446458.454243307933211, -2068001.629084199434146 ], [ 2447009.955637362785637, -2067954.248615880962461 ], [ 2447450.155056707095355, -2067729.824715457856655 ], [ 2448015.366196878254414, -2067361.499671946978197 ], [ 2448772.123929942026734, -2066913.295165413757786 ], [ 2449142.290646923240274, -2066804.686452830443159 ], [ 2449477.241248732898384, -2066714.028480312321335 ], [ 2449864.08222896931693, -2066427.69533848692663 ], [ 2450375.563298884313554, -2066336.046005978947505 ], [ 2451029.05602367920801, -2066385.68468753551133 ], [ 2451117.916043383069336, -2066491.758804399520159 ], [ 2451123.32352501899004, -2067468.660646539181471 ], [ 2451145.405724664684385, -2068267.879210410406813 ], [ 2450955.025554999243468, -2068961.734404637478292 ], [ 2450816.131342791486531, -2069388.854978243587539 ], [ 2450499.095041268970817, -2069532.742384437704459 ], [ 2450111.914317545946687, -2069765.840115015627816 ], [ 2449848.909119328018278, -2070104.835487991804257 ], [ 2449638.382265277672559, -2070354.715836082352325 ], [ 2449500.811567911878228, -2071030.57205813168548 ], [ 2449344.50718402909115, -2071511.122461844235659 ], [ 2449258.637908999808133, -2071955.760567466495559 ], [ 2448888.799682351294905, -2072628.506121179554611 ], [ 2448594.81901780096814, -2073127.61454700678587 ], [ 2448315.414569647982717, -2073711.939184961374849 ], [ 2448162.385264534503222, -2074153.435910293599591 ], [ 2447672.703319986816496, -2075051.672518775099888 ], [ 2447462.673962782602757, -2075408.209112039301544 ], [ 2447168.239560167770833, -2075836.289113501552492 ], [ 2446900.836303188465536, -2076036.766000744421035 ], [ 2446088.467554392293096, -2077391.742905033985153 ], [ 2445489.626919828355312, -2078390.187362387543544 ], [ 2445120.403950407169759, -2078927.877394576556981 ] ] ] } },
{ "type": "Feature", "properties": { "ID": 0, "LENGTH": 8851.0, "TYP": "Gravel Road", "SOURCE": "Landsat TM Delta Mosaic April 2000", "DATE_SOURC": "May 2002", "CREATOR": "TM", "DATE_CREAT": "11/06/2002", "LOCATION": null, "ACCESS": null }, "geometry": { "type": "MultiLineString", "coordinates": [ [ [ 2616115.183120843023062, -2266669.516052704770118 ], [ 2615968.370842492673546, -2266714.312739824876189 ], [ 2615727.136553002521396, -2266694.279005706775934 ], [ 2615593.142062582075596, -2266773.134291018825024 ], [ 2615213.141019658651203, -2267304.952673661988229 ], [ 2614862.323062787763774, -2267824.5208585052751 ], [ 2614281.372904077172279, -2268282.496032987721264 ], [ 2613879.766790809575468, -2268548.608813886996359 ], [ 2613162.839189930818975, -2268955.383226506877691 ], [ 2612778.223506566602737, -2269179.8454251694493 ], [ 2612592.004503583069891, -2269306.765733662992716 ], [ 2612211.2623655423522, -2269395.176731298211962 ], [ 2612019.074292703531682, -2269516.269206492695957 ], [ 2611844.253444376867265, -2269619.366305732633919 ], [ 2611117.176953676622361, -2270243.536037976387888 ], [ 2610631.894043362233788, -2270723.712581411469728 ], [ 2610409.648683711886406, -2271103.936265352647752 ], [ 2610344.500917831901461, -2271171.416521634440869 ], [ 2610046.851853337138891, -2271419.707818797323853 ], [ 2610181.33682735869661, -2271572.953278475441039 ], [ 2610205.522391515783966, -2271720.428899450227618 ], [ 2610089.484044906683266, -2271825.616867071948946 ], [ 2609819.277724921237677, -2271940.46035700570792 ], [ 2609622.103605781681836, -2272024.662609475199133 ], [ 2609431.738750616554171, -2272071.804840073455125 ], [ 2609323.147198050282896, -2272184.273185308091342 ], [ 2609205.78717344161123, -2272237.385844205506146 ] ] ] } }
]
}
